Unnamed: 0,GameId,PlayerId,BackPostPass,BlockedShot,Goal,GoalAssist,OffTargetShot,OnTargetShot,PlayerOff,playerOn,SavedShot,SuccessfulDribbling,SuccessfulInterception,SuccessfulPass,SuccessfulTackle,UnsuccessfulDribbling,UnsuccessfulInterception,UnsuccessfulPass,UnsuccessfulTackle,PlayerAttackingScore,PlayerDefendingScore,PlayerTeamPlayScore,PlayerTotalScore
0,350,1,0,0,1,0,2,4,3,3,3,1,0,19,3,1,0,12,3,210,120,450,1210
1,242,1,0,1,1,0,1,2,3,3,1,5,6,19,4,1,0,3,3,360,420,540,1320
2,241,1,1,0,0,0,2,1,2,2,1,0,3,11,3,2,1,2,3,70,230,310,610
3,244,1,2,0,0,0,0,4,3,3,4,4,3,18,7,1,2,2,1,510,500,520,1530
4,236,1,1,0,1,0,1,2,3,3,1,4,0,14,3,2,0,2,1,430,160,400,990
5,243,1,2,0,2,1,3,2,2,3,0,7,1,10,3,1,2,2,0,990,200,280,1470
6,252,1,0,0,0,1,2,1,3,3,1,2,5,20,2,5,1,2,1,90,290,580,960
7,353,1,0,0,0,0,1,2,4,4,2,4,3,17,3,3,1,5,2,140,250,460,850
8,238,1,0,0,0,0,1,1,2,3,1,6,2,11,2,3,1,4,3,220,130,290,640
9,250,1,0,0,1,0,3,2,3,3,1,6,2,23,0,2,0,2,2,380,40,670,1090
10,249,1,1,1,0,0,0,0,3,3,0,5,2,20,2,3,0,8,9,270,20,520,810
11,240,1,0,0,2,0,1,3,2,3,1,1,0,20,1,0,0,4,1,360,40,560,960
12,251,1,0,2,0,1,0,2,3,3,2,3,5,15,3,2,1,5,1,230,350,400,980
13,253,1,0,0,0,1,0,1,3,3,1,5,5,17,4,4,0,7,2,290,400,440,1130
14,254,1,0,0,1,2,2,1,2,2,0,4,5,26,1,2,0,4,0,550,260,740,1550
15,239,1,0,0,1,0,0,3,3,3,2,5,4,23,3,4,1,5,0,320,330,640,1290
16,248,1,0,2,0,1,2,1,3,3,1,1,1,13,2,2,0,0,0,90,160,390,640
17,237,1,0,0,0,0,1,1,3,3,1,4,1,12,5,3,0,5,10,120,140,310,570
18,436,1,2,0,1,1,0,1,4,4,0,2,0,40,3,0,0,4,3,650,120,1160,1930
19,437,1,1,0,0,0,1,1,4,4,1,3,0,15,3,4,0,8,4,170,100,370,640
20,438,1,0,2,0,0,1,1,4,4,1,1,0,19,1,4,0,5,0,-100,60,520,480
21,489,1,0,2,0,0,2,0,3,3,0,5,0,24,6,3,1,4,2,100,310,680,1090
22,507,1,0,0,1,1,0,1,3,3,0,1,2,23,2,2,0,8,1,280,180,610,1070
23,512,1,1,0,1,0,0,1,2,2,0,4,0,21,5,2,0,6,6,420,180,570,1170
24,534,1,1,2,1,1,1,2,2,2,1,1,3,23,2,2,1,4,4,380,150,650,1180
25,538,1,1,0,0,1,1,1,3,3,1,4,4,13,2,2,2,6,1,420,240,330,990
26,548,1,0,0,0,0,2,1,3,3,1,1,4,15,2,1,2,3,4,20,180,420,620
27,567,1,0,0,0,0,0,0,2,2,0,4,9,14,4,3,2,5,0,110,580,370,1060
28,350,2,0,0,1,0,3,2,4,4,1,6,1,12,3,2,2,7,3,380,140,290,810
29,241,2,0,1,3,1,0,7,3,3,4,1,1,13,1,3,0,1,2,610,60,380,1050
30,242,2,0,0,1,0,2,2,3,3,1,7,2,12,2,6,2,3,1,320,160,330,810
31,244,2,0,0,2,0,1,3,3,3,1,1,2,6,5,1,0,2,1,330,360,160,850
32,246,2,0,2,1,1,2,3,3,3,2,3,1,6,2,2,0,2,2,360,120,160,640
33,247,2,2,0,1,1,3,3,3,3,2,5,2,14,4,7,0,1,1,600,300,410,1310
34,236,2,0,1,0,1,3,0,3,3,0,1,0,8,1,2,0,2,2,80,20,220,320
35,243,2,0,3,2,1,1,4,2,3,2,5,2,8,0,5,1,0,3,510,10,240,760
36,252,2,1,1,0,0,0,3,3,3,3,0,4,10,2,0,0,3,1,170,260,270,700
37,353,2,0,2,1,1,1,3,4,4,2,4,3,12,2,2,0,3,0,420,240,330,990
38,238,2,0,0,0,0,2,1,4,3,1,2,4,16,3,3,0,4,1,10,320,440,770
39,250,2,0,0,4,0,0,5,3,3,1,6,5,13,1,1,0,6,1,890,240,330,1460
40,249,2,2,0,0,0,0,1,3,3,1,3,0,18,1,1,0,4,4,400,-20,500,880
41,240,2,0,1,2,2,1,4,2,3,2,7,0,12,4,1,1,5,1,910,210,310,1430
42,251,2,0,1,0,1,1,1,2,2,1,2,3,5,0,0,0,4,1,230,100,110,440
43,253,2,0,2,0,2,0,0,3,3,0,3,1,15,2,5,2,8,4,240,60,370,670
44,254,2,2,2,0,1,1,3,3,3,3,3,4,16,1,2,0,4,5,500,120,440,1060
45,239,2,1,1,1,1,1,2,3,3,1,5,7,12,6,5,0,7,0,510,640,290,1440
46,248,2,1,0,0,1,0,4,3,3,4,5,2,11,3,0,1,5,0,600,250,280,1130
47,237,2,0,0,2,1,0,8,3,3,6,10,4,11,4,1,5,11,1,1030,330,220,1580
48,245,2,1,3,3,0,2,7,3,3,4,4,5,13,2,0,2,4,1,780,280,350,1410
49,179,2,1,0,3,0,1,4,1,2,1,2,0,7,3,2,0,3,2,630,140,180,950
50,180,2,3,0,1,2,2,2,1,3,1,5,1,13,4,0,0,4,1,1070,260,350,1680
51,181,2,0,0,3,1,3,5,2,3,2,2,3,5,0,2,0,3,1,640,100,120,860
52,292,2,1,2,1,0,2,4,3,3,3,10,1,13,1,4,2,4,1,660,60,350,1070
53,182,2,0,0,5,0,0,8,3,3,3,4,2,8,2,2,0,2,1,950,180,220,1350
54,294,2,0,0,0,1,0,5,2,2,5,9,4,5,0,3,2,4,0,600,140,110,850
55,183,2,0,0,0,0,2,5,2,2,5,12,1,15,5,3,0,5,3,590,280,400,1270
56,184,2,0,0,0,0,0,0,0,1,0,0,0,0,0,0,0,0,0,0,0,0,0
57,185,2,0,0,0,0,3,2,2,2,2,6,0,6,3,4,0,5,1,190,160,130,480
58,190,2,0,1,1,0,1,3,1,2,2,3,1,15,0,0,2,9,0,310,20,360,690
59,191,2,0,2,5,1,2,5,3,4,0,7,2,4,1,5,0,3,1,1030,120,90,1240
60,192,2,1,0,2,2,0,3,1,2,1,10,3,10,2,4,0,2,2,1110,200,280,1590
61,193,2,0,1,1,0,1,1,2,2,0,6,2,10,5,4,0,6,1,300,360,240,900
62,196,2,0,0,1,1,1,4,2,2,3,15,3,13,1,8,0,6,3,850,120,330,1300
63,198,2,0,1,1,0,1,3,2,2,2,11,1,8,0,7,0,2,1,500,20,220,740
64,201,2,0,2,1,2,0,8,2,3,7,12,7,7,2,5,0,6,2,980,360,150,1490
65,202,2,0,2,3,3,2,5,2,3,2,14,7,10,5,0,0,2,0,1550,580,280,2410
66,291,2,0,0,0,0,1,1,1,1,1,7,0,4,0,1,2,0,3,330,-80,120,370
67,436,2,0,1,1,3,0,3,3,3,2,2,0,25,5,3,1,4,2,600,250,710,1560
68,437,2,1,0,1,1,1,2,4,4,1,2,0,20,1,4,0,7,2,410,20,530,960
69,438,2,1,2,2,1,1,4,4,4,2,2,1,13,0,5,1,10,2,510,-10,290,790
70,497,2,1,2,0,1,3,0,4,4,0,0,3,14,0,5,2,6,2,50,60,360,470
71,489,2,1,0,2,0,0,3,3,3,1,2,3,15,2,1,1,2,0,520,230,430,1180
72,501,2,3,1,3,2,0,13,3,3,10,6,0,15,2,7,0,8,1,1390,100,370,1860
73,507,2,3,1,0,2,1,3,3,3,3,1,0,13,0,2,0,2,0,690,0,370,1060
74,512,2,1,0,1,0,2,3,3,3,2,0,2,12,0,3,3,10,4,210,-30,260,440
75,534,2,3,0,2,3,0,5,3,3,3,9,7,22,1,3,1,5,3,1530,270,610,2410
76,538,2,0,2,0,0,1,0,3,3,0,2,3,6,0,2,0,9,3,-10,60,90,140
77,548,2,1,0,1,0,0,2,3,3,1,0,1,11,2,2,0,1,1,240,140,320,700
78,350,3,1,2,1,1,3,1,2,2,0,13,3,23,2,1,0,7,2,970,200,620,1790
79,143,3,0,0,1,0,5,7,0,1,6,6,4,14,5,7,0,4,3,310,400,380,1090
80,222,3,0,2,3,0,0,4,3,3,1,10,6,21,8,8,1,13,1,690,690,500,1880
81,241,3,3,0,4,0,0,6,2,2,2,4,2,7,4,3,0,4,2,1140,280,170,1590
82,242,3,1,0,1,2,3,4,3,3,3,4,2,12,3,3,0,3,2,700,220,330,1250
83,244,3,0,1,0,2,2,3,3,3,3,3,3,15,1,4,2,3,3,330,100,420,850
84,246,3,2,1,1,0,3,2,3,3,1,8,4,13,2,3,0,3,0,690,280,360,1330
85,227,3,2,2,0,1,1,6,4,4,6,10,9,19,3,8,2,3,2,730,480,540,1750
86,223,3,0,0,1,0,4,4,2,2,3,17,4,16,1,5,1,3,4,870,130,450,1450
87,224,3,1,1,4,3,1,9,3,3,5,9,2,12,6,5,1,0,1,1520,410,360,2290
88,247,3,1,2,2,2,4,3,3,3,1,20,9,13,2,5,0,2,0,1500,480,370,2350
89,216,3,2,0,5,3,0,9,3,3,4,16,6,20,2,3,0,5,0,2220,360,550,3130
90,236,3,0,1,3,3,2,6,3,3,3,8,0,13,3,1,0,3,4,1260,100,360,1720
91,221,3,0,4,1,0,3,7,3,3,6,16,12,27,4,4,2,2,1,840,680,790,2310
92,243,3,0,2,4,1,2,12,3,3,8,5,2,7,1,0,1,2,0,1090,130,190,1410
93,225,3,1,4,3,2,2,5,3,3,2,12,2,13,4,6,0,4,1,1220,300,350,1870
94,226,3,2,1,2,2,4,2,3,3,0,16,8,26,6,6,2,4,0,1400,660,740,2800
95,252,3,1,1,2,1,1,4,2,2,2,3,2,17,1,1,0,3,2,700,100,480,1280
96,233,3,1,2,1,0,0,2,3,3,1,13,4,13,6,7,0,5,0,700,520,340,1560
97,353,3,1,0,0,2,0,2,2,2,2,4,3,7,2,1,0,6,1,620,220,150,990
98,238,3,0,0,0,1,5,3,3,3,3,3,8,10,3,9,1,4,4,30,410,260,700
99,249,3,2,2,1,2,0,8,3,3,7,3,1,11,3,5,0,1,3,790,160,320,1270
100,231,3,3,3,3,0,5,8,2,2,5,8,9,15,2,4,2,5,1,1110,440,400,1950
101,240,3,0,4,2,1,2,5,2,3,3,7,0,13,3,0,0,3,3,750,120,360,1230
102,251,3,2,0,3,2,1,6,3,3,3,9,5,10,3,3,2,3,1,1400,340,270,2010
103,220,3,1,3,0,0,2,5,3,3,5,12,2,39,4,7,0,4,2,540,280,1130,1950
104,228,3,1,1,2,1,3,6,3,3,4,13,1,10,4,4,0,2,0,1130,280,280,1690
105,142,3,0,0,2,1,6,4,1,1,2,9,5,13,2,5,17,9,10,720,-50,300,970
106,229,3,1,1,0,2,3,1,3,3,1,9,6,17,4,4,1,6,2,710,430,450,1590
107,144,3,0,0,4,0,12,12,0,1,8,14,14,12,3,7,21,28,11,1130,310,80,1520
108,217,3,0,1,2,0,8,7,2,2,5,20,7,24,3,1,0,8,0,1270,460,640,2370
109,218,3,0,2,2,1,1,4,3,3,2,8,11,11,8,8,0,2,0,590,920,310,1820
110,253,3,1,1,4,1,2,6,2,2,2,8,4,13,3,4,0,8,2,1150,300,310,1760
111,234,3,1,1,2,1,2,5,2,2,3,11,6,24,1,11,1,10,0,810,290,620,1720
112,254,3,3,0,6,4,4,10,2,2,4,17,5,10,3,1,0,6,0,2710,380,240,3330
113,161,3,2,0,3,1,3,4,2,3,1,7,2,12,0,3,0,3,0,1100,80,330,1510
114,219,3,0,3,0,3,3,4,3,3,4,9,7,6,5,5,0,4,4,710,500,140,1350
115,239,3,0,0,2,0,1,5,1,2,3,11,8,20,3,6,0,2,4,720,420,580,1720
116,248,3,2,0,5,1,2,5,3,3,0,6,4,3,4,3,1,1,2,1340,350,80,1770
117,237,3,0,0,4,0,1,4,2,2,0,9,1,13,0,5,5,4,4,890,-90,350,1150
118,232,3,3,2,3,2,6,5,2,2,2,7,5,14,6,5,1,3,2,1260,510,390,2160
119,346,3,1,2,2,1,6,4,2,2,2,11,8,27,4,5,0,8,1,910,540,730,2180
120,159,3,0,1,2,0,5,6,2,3,4,4,2,9,5,3,0,3,0,420,380,240,1040
121,351,3,1,3,1,1,4,5,2,2,4,20,6,32,4,6,2,14,4,1220,380,820,2420
122,137,3,2,1,13,1,2,15,2,3,2,16,9,7,2,0,0,6,1,3150,460,150,3760
123,138,3,0,2,2,0,4,11,2,3,9,18,10,20,4,4,6,11,2,1180,540,490,2210
124,139,3,0,2,1,0,3,4,1,3,3,17,10,12,2,7,13,16,7,780,250,200,1230
125,140,3,0,1,5,1,9,8,1,2,3,3,7,7,3,5,2,5,1,840,420,160,1420
126,141,3,0,2,1,0,5,3,2,3,2,6,12,11,2,5,5,12,3,250,490,210,950
127,145,3,0,3,2,0,1,7,2,2,5,5,0,10,0,1,0,3,0,550,0,270,820
128,146,3,2,4,4,0,4,5,2,3,1,7,1,5,11,2,0,0,4,1050,620,150,1820
129,147,3,0,1,0,0,1,3,2,2,3,4,0,15,0,2,0,4,0,170,0,410,580
130,148,3,0,1,1,0,0,1,2,2,0,3,0,6,0,1,0,2,0,250,0,160,410
131,149,3,0,0,1,1,2,8,2,3,7,15,0,7,0,6,0,3,0,980,0,180,1160
132,152,3,0,2,1,0,0,4,1,2,3,11,0,14,0,3,0,2,0,630,0,400,1030
133,153,3,0,0,0,0,3,2,2,2,2,6,0,4,0,2,0,1,0,250,0,110,360
134,154,3,1,6,1,0,4,4,2,2,3,4,0,9,0,3,0,1,0,290,0,260,550
135,155,3,3,0,7,3,3,13,1,3,6,13,0,14,0,2,0,2,0,2540,0,400,2940
136,156,3,0,4,0,0,3,3,2,3,3,19,4,12,7,7,0,1,0,690,580,350,1620
137,157,3,0,1,1,0,0,6,2,2,5,6,2,6,2,7,0,4,2,320,160,140,620
138,158,3,0,2,1,0,4,4,2,3,3,12,1,2,1,6,1,4,0,550,90,20,660
139,162,3,0,0,0,0,1,4,2,3,4,18,3,13,1,9,1,0,1,700,150,390,1240
140,163,3,0,3,0,0,6,4,0,2,4,7,0,12,0,10,1,3,2,10,-50,330,290
141,164,3,1,2,3,3,3,6,2,2,3,15,1,8,3,7,0,3,1,1530,200,210,1940
142,245,3,1,1,0,0,3,2,3,3,2,2,4,15,5,4,1,1,0,100,450,440,990
143,179,3,1,1,0,3,2,2,1,2,2,6,3,14,5,2,0,3,0,790,420,390,1600
144,180,3,0,2,1,1,2,4,1,2,3,0,1,8,1,3,0,0,2,200,60,240,500
145,181,3,0,0,1,0,2,2,2,2,1,4,1,12,0,4,0,1,3,230,-20,350,560
146,292,3,0,0,1,1,1,3,3,4,2,10,3,13,5,5,1,5,3,670,350,340,1360
147,182,3,0,0,1,1,2,2,2,3,1,7,2,9,0,2,0,3,1,580,60,240,880
148,294,3,0,0,1,1,0,2,2,3,1,1,1,13,0,1,4,3,0,330,0,360,690
149,184,3,0,0,1,0,0,3,2,3,2,3,2,5,1,3,2,3,5,250,20,120,390
150,185,3,2,1,0,0,1,0,2,2,0,2,1,6,1,0,1,7,2,330,50,110,490
151,190,3,0,1,0,0,1,1,1,2,1,2,4,14,0,1,1,7,0,60,150,350,560
152,302,3,0,3,3,0,4,6,2,5,3,17,1,14,1,5,0,14,5,1110,0,280,1390
153,303,3,0,0,1,0,0,6,2,4,5,13,1,28,4,10,0,11,8,600,120,730,1450
154,203,3,0,0,3,0,4,7,3,3,4,19,2,15,1,5,0,9,1,1290,120,360,1770
155,204,3,1,5,4,2,3,8,2,3,4,13,8,13,3,5,0,5,2,1460,460,340,2260
156,205,3,1,1,3,2,4,11,2,2,8,15,3,7,2,6,0,4,1,1530,220,170,1920
157,207,3,1,1,2,2,0,7,3,3,5,14,2,13,1,1,0,4,1,1460,120,350,1930
158,206,3,0,1,2,0,4,2,2,2,0,13,3,15,4,3,0,2,1,800,340,430,1570
159,209,3,0,4,1,0,4,5,2,3,4,18,3,14,1,2,0,2,3,950,120,400,1470
160,210,3,0,0,4,0,2,5,2,3,1,15,1,16,2,5,0,5,0,1200,160,430,1790
161,211,3,0,4,3,0,2,6,2,3,3,9,4,10,3,5,0,3,4,710,260,270,1240
162,212,3,0,4,2,0,1,5,3,3,3,14,9,19,1,6,0,4,0,790,420,530,1740
163,213,3,0,0,2,0,3,6,2,2,4,18,2,22,5,5,0,6,3,1100,320,600,2020
164,214,3,0,1,0,0,3,3,2,3,3,2,1,14,5,3,1,5,9,20,150,370,540
165,289,3,0,0,4,1,2,5,3,3,1,12,3,30,9,5,1,3,2,1190,610,870,2670
166,298,3,0,2,3,0,3,5,2,1,2,17,1,14,4,0,0,17,6,1270,160,250,1680
167,299,3,0,1,3,1,3,6,3,3,3,19,0,14,5,3,1,2,1,1460,270,400,2130
168,192,3,1,0,3,1,3,5,2,3,2,8,5,11,2,2,0,5,0,1070,320,280,1670
169,193,3,0,1,2,2,0,4,2,2,2,8,2,9,2,5,0,3,1,850,180,240,1270
170,194,3,0,1,5,0,2,6,3,3,1,8,4,11,1,5,0,3,0,980,220,300,1500
171,195,3,2,1,3,2,6,6,3,3,3,13,5,10,4,0,0,3,0,1620,440,270,2330
172,198,3,0,1,1,1,1,2,2,2,1,6,2,14,0,7,0,4,2,370,40,380,790
173,199,3,0,0,2,0,0,2,1,1,0,4,0,3,0,0,0,0,0,500,0,90,590
174,201,3,0,2,3,0,1,5,2,2,2,4,1,8,5,3,0,4,2,550,300,200,1050
175,202,3,1,0,3,0,1,6,2,3,3,18,6,17,4,4,2,2,1,1410,440,490,2340
176,291,3,0,0,2,0,2,2,2,2,0,5,2,7,3,7,0,3,1,320,240,180,740
177,215,3,0,4,2,1,0,5,3,3,3,8,1,24,0,0,0,8,0,820,40,640,1500
178,165,3,2,0,9,3,1,13,2,2,4,19,4,14,9,6,0,2,1,2870,680,400,3950
179,166,3,1,0,3,3,3,4,2,3,1,16,4,19,4,7,0,7,3,1580,340,500,2420
180,167,3,1,2,3,1,3,3,2,3,0,8,3,5,2,2,3,4,1,990,190,110,1290
181,168,3,0,1,2,0,0,4,2,4,2,4,2,7,1,6,0,8,0,340,140,130,610
182,169,3,1,2,3,1,1,5,3,3,2,14,6,8,6,4,0,6,0,1290,600,180,2070
183,170,3,1,1,3,2,2,9,2,2,6,16,6,8,1,0,0,4,0,1740,300,200,2240
184,172,3,2,1,2,2,0,5,2,3,3,11,3,13,3,4,0,7,0,1310,300,320,1930
185,173,3,0,1,1,0,3,5,2,3,4,21,2,15,3,8,0,6,0,990,260,390,1640
186,174,3,0,2,3,2,0,5,2,2,2,9,4,9,5,4,1,4,8,1060,290,230,1580
187,175,3,0,1,4,2,4,9,2,2,5,20,2,12,5,8,1,2,14,1680,90,340,2110
188,176,3,0,1,1,1,0,4,2,2,3,9,2,17,6,1,1,6,1,750,410,450,1610
189,177,3,0,1,1,0,3,2,2,3,1,15,0,27,3,11,2,9,8,540,0,720,1260
190,290,3,0,1,2,1,5,5,2,2,3,13,1,10,1,2,1,8,6,1020,-30,220,1210
191,293,3,0,0,6,0,0,6,2,3,0,21,5,21,2,5,0,5,4,1800,240,580,2620
192,471,3,0,3,4,0,5,8,2,2,4,8,3,15,6,5,0,4,1,820,460,410,1690
193,472,3,3,2,0,1,5,4,3,3,4,18,0,32,2,5,2,14,1,1270,80,820,2170
194,436,3,0,0,1,2,2,3,2,2,2,2,1,15,3,3,0,6,0,460,220,390,1070
195,437,3,2,4,1,1,1,3,2,2,2,11,1,16,3,4,0,3,2,930,180,450,1560
196,438,3,6,2,5,4,0,10,2,2,5,9,3,16,7,3,0,7,2,2510,500,410,3420
197,487,3,1,2,1,0,2,4,2,2,3,10,3,16,3,5,1,9,1,630,270,390,1290
198,496,3,1,3,1,2,1,8,2,2,7,15,1,24,2,2,0,10,3,1320,100,620,2040
199,497,3,1,1,3,0,2,6,3,3,3,5,1,9,0,6,0,6,1,670,20,210,900
200,489,3,4,1,1,2,0,4,2,2,3,4,3,15,1,2,3,4,4,1130,70,410,1610
201,500,3,2,4,2,1,1,6,2,2,4,7,5,24,9,9,0,17,1,770,720,550,2040
202,501,3,5,1,4,2,3,13,2,2,9,5,2,20,5,7,0,8,5,1700,280,520,2500
203,506,3,0,2,1,1,4,3,2,2,2,9,0,26,3,6,0,9,1,520,160,690,1370
204,507,3,2,2,1,1,1,2,2,2,1,4,0,17,1,3,0,4,3,630,0,470,1100
205,512,3,0,2,2,0,0,3,3,3,1,3,0,12,4,6,0,7,0,250,240,290,780
206,528,3,1,0,3,0,3,3,2,2,0,11,2,23,1,7,1,17,3,890,150,520,1560
207,534,3,2,0,2,1,0,3,1,1,1,3,1,11,1,3,1,2,2,780,50,310,1140
208,534,3,0,0,0,0,0,0,0,0,0,0,0,0,0,0,0,0,0,0,0,0,0
209,537,3,2,0,1,1,7,3,3,3,2,19,2,17,4,2,0,14,5,1410,220,370,2000
210,538,3,3,3,1,0,1,2,2,2,1,5,5,14,0,3,1,8,2,650,150,340,1140
211,544,3,2,1,2,0,1,5,2,2,3,7,3,23,3,4,2,9,4,820,200,600,1620
212,547,3,3,4,1,1,1,5,2,2,4,21,2,23,3,10,0,19,3,1420,200,500,2120
213,548,3,2,1,3,1,2,6,2,2,3,7,7,14,0,5,1,6,0,1070,350,360,1780
214,567,3,2,2,1,1,0,4,2,2,3,10,5,18,2,4,1,5,1,950,290,490,1730
215,350,4,0,0,2,0,4,4,2,2,2,3,1,4,1,1,0,6,3,420,40,60,520
216,241,4,0,2,1,0,2,7,3,3,6,5,3,10,2,4,1,2,0,340,230,280,850
217,242,4,0,2,3,1,0,3,3,3,0,2,1,10,2,4,0,0,0,530,160,300,990
218,244,4,0,0,0,0,1,0,3,3,0,1,2,6,1,5,3,0,0,-110,110,180,180
219,246,4,0,1,2,0,2,3,3,3,1,3,9,13,1,2,1,5,1,370,390,340,1100
220,247,4,1,0,2,0,1,3,2,2,1,3,0,3,6,2,2,2,0,530,340,70,940
221,236,4,0,1,2,1,0,3,2,2,1,1,0,6,0,2,1,7,3,430,-70,110,470
222,243,4,0,1,2,1,4,6,3,2,4,3,4,7,3,1,1,1,1,580,310,200,1090
223,252,4,0,1,1,0,1,1,3,3,0,0,4,9,0,6,0,3,0,-60,160,240,340
224,353,4,0,0,2,1,2,4,3,3,2,7,2,10,0,6,0,4,2,630,40,260,930
225,238,4,1,1,3,0,1,5,3,2,2,2,4,4,3,2,0,0,1,630,320,120,1070
226,250,4,1,0,1,1,0,3,2,2,2,2,5,8,3,5,0,1,2,410,340,230,980
227,249,4,0,0,0,0,2,2,2,2,2,3,1,7,3,3,0,10,1,80,200,110,390
228,240,4,0,2,2,0,2,3,2,3,1,5,1,13,3,0,0,6,1,510,200,330,1040
229,251,4,1,2,1,0,2,1,2,2,0,2,2,4,1,2,1,0,1,260,110,120,490
230,253,4,1,1,1,1,1,2,3,3,1,7,5,10,1,6,1,2,0,580,250,280,1110
231,254,4,1,0,4,1,4,8,3,3,4,3,5,14,3,0,0,7,1,1060,360,350,1770
232,239,4,0,0,2,0,0,3,3,3,1,6,5,10,4,6,0,4,0,440,440,260,1140
233,248,4,1,1,3,0,1,4,3,3,1,4,5,18,2,0,1,1,2,770,270,530,1570
234,237,4,0,1,1,0,0,4,3,3,3,2,2,3,2,3,1,2,5,200,90,70,360
235,161,4,1,2,4,0,1,8,2,3,4,7,2,13,0,2,0,0,0,1050,80,390,1520
236,162,4,0,1,0,0,0,2,2,2,2,6,1,6,4,4,0,1,1,200,260,170,630
237,163,4,1,0,0,0,2,1,2,3,1,4,3,9,1,2,0,1,0,270,180,260,710
238,350,5,0,0,0,0,0,3,4,4,3,4,0,24,3,0,1,6,2,260,130,660,1050
239,241,5,0,4,0,1,3,2,3,3,2,6,1,21,1,1,0,3,2,340,60,600,1000
240,244,5,2,0,1,0,3,5,2,2,4,5,4,6,1,0,0,4,2,710,180,140,1030
241,246,5,1,1,0,0,1,3,2,2,3,7,3,12,0,4,2,0,1,390,80,360,830
242,247,5,1,1,0,0,3,4,4,4,4,4,4,9,3,2,0,0,0,300,340,270,910
243,243,5,0,0,1,0,3,11,3,3,10,7,0,13,3,0,0,2,0,670,180,370,1220
244,252,5,0,0,1,0,4,6,2,2,5,6,11,32,5,3,1,11,0,420,730,850,2000
245,353,5,0,1,1,2,6,5,3,3,4,10,6,37,3,4,1,10,0,810,410,1010,2230
246,250,5,0,0,6,0,3,9,3,3,3,3,4,14,4,1,0,2,1,1050,380,400,1830
247,238,5,1,3,3,1,2,3,3,3,0,11,6,12,6,4,0,8,0,1070,600,280,1950
248,249,5,0,0,0,0,5,2,3,3,2,5,3,9,3,2,0,7,1,180,280,200,660
249,240,5,0,2,3,0,2,6,2,3,3,4,0,15,3,0,0,1,1,650,160,440,1250
250,253,5,0,0,1,0,2,2,4,4,1,4,8,18,2,5,0,9,3,200,380,450,1030
251,239,5,0,2,3,1,2,5,2,3,2,11,7,12,2,6,0,3,2,940,360,330,1630
252,248,5,1,8,1,1,2,7,3,3,6,16,7,22,9,1,1,6,0,1130,810,600,2540
253,237,5,0,0,1,1,2,6,3,3,5,8,6,22,1,3,0,8,7,680,160,580,1420
254,251,5,3,3,1,0,6,4,3,3,3,10,5,20,0,1,1,8,3,950,130,520,1600
255,436,5,0,1,1,1,0,6,3,3,5,3,1,42,0,4,1,15,0,400,30,1110,1540
256,437,5,1,4,0,0,1,3,2,2,3,5,0,18,3,2,0,10,1,290,160,440,890
257,438,5,1,1,1,1,3,4,2,2,3,3,0,28,1,1,0,5,0,550,60,790,1400
258,497,5,2,2,4,1,1,7,2,2,3,14,1,23,5,5,1,16,3,1560,270,530,2360
259,489,5,1,0,1,1,3,2,2,2,1,5,12,33,4,4,1,14,2,540,750,850,2140
260,501,5,2,3,0,1,1,5,3,3,5,1,0,34,2,2,0,15,1,420,100,870,1390
261,507,5,0,3,1,1,4,3,3,3,2,6,2,46,3,1,1,18,1,500,230,1200,1930
262,512,5,0,1,0,1,1,7,2,2,7,3,7,39,3,2,0,22,2,340,420,950,1710
263,534,5,1,2,1,1,2,4,3,3,3,4,14,36,1,2,3,4,4,560,510,1040,2110
264,538,5,0,0,1,0,1,6,2,2,5,11,9,26,3,2,5,8,2,730,450,700,1880
265,548,5,1,2,0,0,1,5,2,2,5,7,7,25,4,5,6,12,2,380,420,630,1430
266,567,5,1,1,2,1,1,4,3,3,2,9,5,10,2,5,7,3,1,880,230,270,1380
267,350,6,0,0,0,0,0,0,1,1,0,0,0,0,0,0,0,0,0,0,0,0,0
268,143,6,0,0,0,0,0,0,0,1,0,0,0,0,0,0,0,0,0,0,0,0,0
269,222,6,0,0,0,0,0,0,1,1,0,0,0,0,0,0,0,0,0,0,0,0,0
270,241,6,0,0,0,0,0,0,2,2,0,0,0,0,0,0,0,0,0,0,0,0,0
271,244,6,0,0,0,0,0,0,2,2,0,0,0,0,0,0,0,0,0,0,0,0,0
272,246,6,0,0,0,0,0,0,1,1,0,0,0,0,0,0,0,0,0,0,0,0,0
273,242,6,0,0,0,0,0,0,1,1,0,0,0,0,0,0,0,0,0,0,0,0,0
274,227,6,0,0,0,0,0,0,1,1,0,0,0,0,0,0,0,0,0,0,0,0,0
275,223,6,0,0,0,0,0,0,1,1,0,0,0,0,0,0,0,0,0,0,0,0,0
276,224,6,0,0,0,0,0,0,1,1,0,0,0,0,0,0,0,0,0,0,0,0,0
277,216,6,0,0,0,0,0,0,1,1,0,0,0,0,0,0,0,0,0,0,0,0,0
278,247,6,0,0,0,0,0,0,1,1,0,0,0,0,0,0,0,0,0,0,0,0,0
279,236,6,0,0,0,0,0,0,1,1,0,0,0,0,0,0,0,0,0,0,0,0,0
280,221,6,0,0,0,0,0,0,1,1,0,0,0,0,0,0,0,0,0,0,0,0,0
281,243,6,0,0,0,0,0,0,1,2,0,0,0,0,0,0,0,0,0,0,0,0,0
282,225,6,0,0,0,0,0,0,1,1,0,0,0,0,0,0,0,0,0,0,0,0,0
283,226,6,0,0,0,0,0,0,1,1,0,0,0,0,0,0,0,0,0,0,0,0,0
284,252,6,0,0,0,0,0,0,1,1,0,0,0,0,0,0,0,0,0,0,0,0,0
285,233,6,0,0,0,0,0,0,1,1,0,0,0,0,0,0,0,0,0,0,0,0,0
286,353,6,0,0,0,0,0,0,1,1,0,0,0,0,0,0,0,0,0,0,0,0,0
287,238,6,0,0,0,0,0,0,1,1,0,0,0,0,0,0,0,0,0,0,0,0,0
288,250,6,0,0,0,0,0,0,1,1,0,0,0,0,0,0,0,0,0,0,0,0,0
289,249,6,0,0,0,0,0,0,1,1,0,0,0,0,0,0,0,0,0,0,0,0,0
290,240,6,0,0,0,0,0,0,0,1,0,0,0,0,0,0,0,0,0,0,0,0,0
291,231,6,0,0,0,0,0,0,1,1,0,0,0,0,0,0,0,0,0,0,0,0,0
292,220,6,0,0,0,0,0,0,1,1,0,0,0,0,0,0,0,0,0,0,0,0,0
293,228,6,0,0,0,0,0,0,1,1,0,0,0,0,0,0,0,0,0,0,0,0,0
294,141,6,0,0,0,0,2,0,0,1,0,0,0,0,0,0,0,1,0,-20,0,-10,-30
295,142,6,0,0,0,0,0,0,0,1,0,0,0,0,0,0,0,0,0,0,0,0,0
296,229,6,0,0,0,0,0,0,2,2,0,0,0,0,0,0,0,0,0,0,0,0,0
297,144,6,0,0,0,0,0,0,0,1,0,0,2,0,0,0,0,1,0,0,80,-10,70
298,217,6,0,0,0,0,0,0,1,1,0,0,0,0,0,0,0,0,0,0,0,0,0
299,218,6,0,0,0,0,0,0,1,1,0,0,0,0,0,0,0,0,0,0,0,0,0
300,253,6,0,0,0,0,0,0,1,1,0,0,0,0,0,0,0,0,0,0,0,0,0
301,234,6,0,0,0,0,0,0,1,1,0,0,0,0,0,0,0,0,0,0,0,0,0
302,254,6,0,0,0,0,0,0,1,1,0,0,0,0,0,0,0,0,0,0,0,0,0
303,158,6,0,0,0,0,0,0,0,1,0,0,0,0,0,0,0,0,0,0,0,0,0
304,159,6,0,0,0,0,0,0,0,1,0,0,0,0,0,0,0,0,0,0,0,0,0
305,230,6,0,0,0,0,0,0,1,1,0,0,0,0,0,0,0,0,0,0,0,0,0
306,239,6,0,0,0,0,0,0,1,1,0,0,0,0,0,0,0,0,0,0,0,0,0
307,248,6,0,0,0,0,0,0,1,1,0,0,0,1,0,0,0,0,0,0,0,30,30
308,237,6,0,0,0,0,0,0,1,1,0,0,0,0,0,0,0,0,0,0,0,0,0
309,251,6,0,0,0,0,0,0,1,1,0,0,0,0,0,0,0,0,0,0,0,0,0
310,232,6,0,0,0,0,0,0,1,1,0,0,0,0,0,0,0,0,0,0,0,0,0
311,346,6,0,0,0,0,0,0,1,1,0,0,0,0,0,0,0,0,0,0,0,0,0
312,351,6,0,0,0,0,0,0,1,1,0,0,0,0,0,0,0,0,0,0,0,0,0
313,137,6,0,0,0,0,0,0,0,1,0,0,0,0,0,0,0,0,0,0,0,0,0
314,138,6,0,0,0,0,0,0,0,1,0,0,0,0,0,0,0,0,0,0,0,0,0
315,139,6,0,0,0,0,0,1,0,1,1,0,0,0,0,0,0,0,0,20,0,0,20
316,140,6,0,0,0,0,0,0,0,1,0,0,0,0,0,0,0,0,0,0,0,0,0
317,145,6,0,0,0,0,0,0,0,1,0,0,0,0,0,0,0,0,0,0,0,0,0
318,146,6,0,0,0,0,0,0,0,1,0,0,0,0,0,0,0,0,0,0,0,0,0
319,147,6,0,0,0,0,0,0,0,2,0,0,0,0,0,0,0,0,0,0,0,0,0
320,148,6,0,0,0,0,0,0,0,2,0,0,0,0,0,0,0,0,0,0,0,0,0
321,149,6,0,0,0,0,0,0,0,1,0,0,0,2,0,0,0,0,0,0,0,60,60
322,152,6,0,0,0,0,0,0,0,1,0,0,0,0,0,0,0,0,0,0,0,0,0
323,153,6,0,0,0,0,0,0,0,1,0,0,0,0,0,0,0,1,0,0,0,-10,-10
324,154,6,0,0,0,0,0,0,0,2,0,0,0,0,0,0,0,0,0,0,0,0,0
325,155,6,0,0,0,0,0,0,0,1,0,0,0,0,0,0,0,0,0,0,0,0,0
326,156,6,0,0,0,0,0,0,0,1,0,0,0,0,0,0,0,0,0,0,0,0,0
327,157,6,0,0,0,0,0,0,0,2,0,0,0,0,0,0,0,0,0,0,0,0,0
328,161,6,0,0,0,0,0,0,0,1,0,0,0,0,0,0,0,0,0,0,0,0,0
329,162,6,0,0,0,0,0,0,0,1,0,0,0,0,0,0,0,0,0,0,0,0,0
330,163,6,0,0,0,0,0,0,0,1,0,0,0,0,0,0,0,0,0,0,0,0,0
331,164,6,0,0,0,0,0,0,0,1,0,0,0,0,0,0,0,0,0,0,0,0,0
332,245,6,0,0,0,0,0,0,1,1,0,0,0,0,0,0,0,0,0,0,0,0,0
333,183,6,0,0,0,0,0,0,0,1,0,0,0,1,0,0,0,0,0,0,0,30,30
334,203,6,0,0,0,0,0,0,0,1,0,0,0,1,0,0,0,1,0,0,0,20,20
335,204,6,0,1,0,0,3,1,1,2,1,10,4,16,4,4,0,7,2,350,360,410,1120
336,207,6,0,0,2,2,2,2,1,2,0,11,6,18,1,2,0,3,0,1050,300,510,1860
337,206,6,0,0,3,2,0,4,2,3,1,4,1,18,0,3,0,2,0,860,40,520,1420
338,209,6,0,0,0,0,0,0,0,1,0,0,0,0,0,0,0,0,0,0,0,0,0
339,209,6,0,0,1,0,2,2,2,2,1,4,4,4,1,5,0,3,2,200,180,90,470
340,210,6,0,0,0,0,0,0,2,2,0,5,0,8,1,0,0,3,1,250,40,210,500
341,212,6,0,0,2,0,1,5,2,2,3,1,3,15,3,2,0,4,0,340,300,410,1050
342,213,6,0,0,0,0,0,0,1,2,0,6,0,9,3,2,1,1,1,240,150,260,650
343,298,6,0,0,1,0,1,2,1,2,1,5,0,9,2,1,0,6,5,380,20,210,610
344,299,6,0,0,0,1,0,2,2,3,2,6,0,13,0,2,0,2,3,420,-60,370,730
345,196,6,0,0,0,0,0,0,0,1,0,0,0,0,0,0,0,0,0,0,0,0,0
346,215,6,0,0,0,0,0,1,2,1,1,0,0,10,1,1,0,6,1,-10,40,240,270
347,165,6,0,0,0,0,0,0,1,1,0,0,0,0,0,0,0,0,0,0,0,0,0
348,166,6,0,0,0,0,0,0,0,1,0,0,0,0,0,0,0,0,0,0,0,0,0
349,167,6,0,0,0,0,0,0,0,1,0,0,0,0,0,0,0,0,0,0,0,0,0
350,168,6,0,0,0,0,0,0,0,1,0,0,0,0,0,0,0,0,0,0,0,0,0
351,169,6,0,0,0,0,0,0,0,1,0,0,0,0,0,0,0,0,0,0,0,0,0
352,170,6,0,0,0,0,0,0,0,1,0,0,0,0,0,0,0,0,0,0,0,0,0
353,172,6,0,0,0,0,0,0,0,1,0,0,0,0,0,0,0,0,0,0,0,0,0
354,173,6,0,0,0,0,0,0,0,1,0,0,0,0,0,0,0,0,0,0,0,0,0
355,471,6,0,0,0,0,0,0,0,0,0,0,0,0,0,0,0,0,0,0,0,0,0
356,472,6,0,0,0,0,0,0,0,0,0,0,0,0,0,0,0,0,0,0,0,0,0
357,438,6,0,0,0,0,0,0,0,0,0,0,0,0,0,0,0,0,0,0,0,0,0
358,487,6,0,0,0,0,0,0,0,0,0,0,0,0,0,0,0,0,0,0,0,0,0
359,496,6,0,0,0,0,0,0,0,0,0,0,0,0,0,0,0,0,0,0,0,0,0
360,497,6,0,0,0,0,0,0,0,0,0,0,0,0,0,0,0,0,0,0,0,0,0
361,489,6,0,0,0,0,0,0,0,0,0,0,0,0,0,0,0,1,0,0,80,-10,70
362,489,6,0,0,0,0,0,0,0,0,0,0,0,0,0,0,0,0,0,0,0,0,0
363,500,6,0,0,0,0,0,0,0,0,0,0,0,0,0,0,0,0,0,0,0,0,0
364,501,6,0,0,0,0,0,0,0,0,0,0,0,0,0,0,0,0,0,0,0,0,0
365,506,6,0,0,0,0,0,0,0,0,0,0,0,0,0,0,0,0,0,0,0,0,0
366,507,6,0,0,0,0,0,0,0,0,0,0,0,0,0,0,0,0,0,0,0,0,0
367,512,6,0,0,0,0,0,0,0,0,0,0,0,0,0,0,0,0,0,0,0,0,0
368,528,6,0,0,0,0,0,0,0,0,0,0,0,0,0,0,0,0,0,0,0,0,0
369,534,6,0,0,0,0,0,0,0,0,0,0,0,0,0,0,0,0,0,0,0,0,0
370,537,6,0,0,0,0,0,0,0,0,0,0,0,0,0,0,0,0,0,0,0,0,0
371,538,6,0,0,0,0,0,0,0,0,0,0,0,0,0,0,0,1,0,0,0,-10,-10
372,538,6,0,0,0,0,0,0,0,0,0,0,0,0,0,0,0,0,0,0,0,0,0
373,544,6,0,0,0,0,0,0,0,0,0,0,0,0,0,0,0,0,0,0,80,0,80
374,544,6,0,0,0,0,0,0,0,0,0,0,0,0,0,0,0,0,0,0,0,0,0
375,547,6,0,0,0,0,0,0,0,0,0,0,0,0,0,0,0,0,0,0,0,0,0
376,350,7,1,1,3,2,5,3,2,2,0,3,4,21,2,3,0,5,3,850,220,580,1650
377,241,7,1,5,1,3,5,3,3,3,2,5,6,13,4,8,0,5,0,600,480,340,1420
378,242,7,0,0,1,2,3,5,3,3,4,0,6,14,4,4,0,4,0,360,480,380,1220
379,246,7,3,4,2,1,5,6,3,3,4,5,4,26,4,1,1,4,1,1000,370,740,2110
380,247,7,2,3,1,0,4,8,3,3,7,6,5,29,8,2,0,3,0,690,680,840,2210
381,236,7,0,0,5,1,3,8,3,3,3,5,1,14,2,1,0,5,0,1140,160,370,1670
382,243,7,3,1,1,1,6,6,3,3,5,2,2,12,7,0,1,1,3,800,430,350,1580
383,244,7,1,2,1,0,6,9,3,3,8,3,8,16,6,11,0,11,3,160,620,370,1150
384,252,7,2,1,1,0,4,2,2,2,1,3,6,15,6,4,1,6,0,400,590,390,1380
385,250,7,1,3,2,7,1,4,3,3,2,8,9,19,3,3,2,6,4,1690,440,510,2640
386,249,7,2,1,3,0,0,7,3,3,4,12,2,30,5,2,0,7,4,1310,300,830,2440
387,240,7,0,5,4,2,3,6,2,3,2,5,0,13,3,0,1,2,4,1040,90,370,1500
388,253,7,1,0,4,0,7,7,2,2,3,9,6,28,2,2,0,7,1,1110,340,770,2220
389,254,7,0,1,5,0,5,10,2,2,5,12,8,28,5,1,0,5,4,1350,540,790,2680
390,239,7,0,0,1,1,1,2,2,2,1,4,2,20,3,8,0,3,2,260,220,570,1050
391,248,7,0,3,1,2,2,5,2,2,4,10,4,23,9,5,1,4,4,780,610,650,2040
392,237,7,0,1,2,2,5,10,3,3,8,16,1,21,8,5,2,5,4,1320,420,580,2320
393,353,7,2,4,5,0,2,7,2,2,2,5,4,19,2,7,2,8,3,990,200,490,1680
394,251,7,0,0,3,2,3,7,3,3,4,6,6,17,3,5,1,2,1,930,390,490,1810
395,245,7,1,0,3,1,2,11,3,3,8,4,5,17,5,9,0,5,3,790,440,460,1690
396,436,7,0,0,6,0,0,6,4,4,0,8,0,27,1,3,0,7,1,1210,120,740,2070
397,437,7,4,1,2,2,2,4,2,2,2,7,1,17,4,4,0,7,1,1330,260,440,2030
398,438,7,2,1,5,3,1,8,2,2,3,13,4,18,2,8,0,8,2,1870,240,460,2570
399,497,7,2,2,2,0,6,5,2,2,3,12,0,25,4,9,0,10,5,850,140,650,1640
400,489,7,2,3,2,0,2,4,2,2,2,7,7,24,5,6,0,2,3,690,520,700,1910
401,501,7,2,1,5,4,3,7,2,2,2,7,1,26,5,5,0,4,3,1760,280,740,2780
402,507,7,1,2,4,1,5,9,2,2,5,8,4,24,7,7,0,6,3,1070,520,660,2250
403,512,7,0,6,2,1,1,5,1,1,3,8,2,20,4,10,1,17,2,470,270,430,1170
404,534,7,1,1,3,3,4,10,2,2,7,12,6,27,4,4,1,9,2,1560,430,720,2710
405,538,7,1,2,2,2,3,5,2,2,3,14,9,25,7,7,1,10,7,1190,630,650,2470
406,548,7,2,1,3,1,3,6,2,2,3,5,11,17,4,5,1,6,1,960,650,450,2060
407,567,7,1,2,4,1,3,8,3,3,4,10,4,20,2,3,1,1,5,1290,170,590,2050
408,350,8,0,1,0,0,0,0,1,1,0,0,0,4,1,0,0,1,0,-20,60,110,150
409,144,8,0,0,1,0,0,3,2,2,2,1,2,4,2,0,9,10,6,240,-10,20,250
410,143,8,0,1,1,0,4,1,1,1,0,1,1,11,8,3,0,7,1,50,500,260,810
411,222,8,0,1,0,0,0,0,3,3,0,5,1,13,1,2,0,2,0,170,100,370,640
412,242,8,0,1,0,0,0,1,2,2,1,1,1,6,1,2,1,3,2,-10,50,150,190
413,227,8,0,0,0,0,1,1,3,3,1,5,4,21,1,2,0,6,0,200,220,570,990
414,223,8,0,0,0,0,1,0,3,2,0,1,6,16,1,2,0,5,3,-20,240,430,650
415,224,8,0,0,1,0,0,3,3,3,2,2,5,13,4,5,0,0,1,140,420,390,950
416,216,8,0,0,0,0,1,0,3,3,0,6,8,29,2,1,0,2,2,260,400,850,1510
417,247,8,0,1,0,0,3,0,3,3,0,4,2,13,2,1,0,0,0,120,200,390,710
418,236,8,0,0,0,0,0,2,2,2,2,3,0,16,4,0,0,7,1,190,220,410,820
419,221,8,0,0,0,0,0,1,3,3,1,5,2,20,1,5,0,3,0,120,140,570,830
420,225,8,0,1,0,0,3,1,3,3,1,7,4,10,4,6,0,2,3,140,340,280,760
421,226,8,0,0,0,0,1,0,3,3,0,1,7,13,0,1,0,7,0,10,280,320,610
422,233,8,1,0,0,0,0,0,2,2,0,7,2,6,2,2,0,2,1,420,180,160,760
423,231,8,0,1,2,1,4,3,3,3,1,2,3,10,3,1,0,2,0,470,300,280,1050
424,220,8,1,1,1,0,2,2,2,2,1,4,2,22,7,2,0,4,1,400,480,620,1500
425,228,8,0,2,2,0,2,4,2,2,2,3,1,8,4,1,0,1,2,400,240,230,870
426,141,8,0,0,0,0,3,0,1,2,0,3,1,9,1,3,1,4,0,30,90,230,350
427,229,8,0,0,0,0,4,0,3,3,0,1,5,20,3,5,0,2,2,-140,340,580,780
428,142,8,0,0,0,0,1,1,2,1,1,0,2,9,2,3,0,3,4,-80,120,240,280
429,217,8,0,0,0,0,2,2,2,3,2,7,4,23,2,3,0,1,2,280,240,680,1200
430,218,8,0,1,1,1,1,7,2,3,6,8,2,7,2,1,1,2,2,750,150,190,1090
431,253,8,0,0,0,0,0,0,3,3,0,1,0,10,1,0,0,7,3,50,0,230,280
432,234,8,0,1,0,0,0,0,4,4,0,0,6,10,0,2,1,5,1,-80,210,250,380
433,159,8,0,0,0,0,1,1,2,3,1,6,0,12,2,3,0,7,1,220,100,290,610
434,230,8,0,2,1,0,3,1,4,4,0,4,5,20,6,3,0,9,1,190,540,510,1240
435,219,8,0,0,1,0,0,1,3,3,0,2,3,11,3,5,1,2,0,100,290,310,700
436,237,8,0,0,0,0,1,1,2,2,1,4,0,5,3,2,1,5,3,150,110,100,360
437,353,8,1,0,0,0,2,2,1,1,2,1,2,5,1,2,0,2,0,140,140,130,410
438,232,8,1,1,2,0,1,5,3,3,3,2,2,11,4,4,1,2,0,440,310,310,1060
439,346,8,0,0,0,0,0,0,2,2,0,0,1,11,2,0,1,1,1,0,130,320,450
440,158,8,0,1,0,0,3,0,2,2,0,5,2,14,0,1,0,5,1,170,60,370,600
441,351,8,0,1,0,0,1,1,3,3,1,2,0,18,2,1,0,4,0,60,120,500,680
442,137,8,1,2,2,1,5,2,3,3,0,8,3,7,1,1,1,9,2,850,130,120,1100
443,138,8,0,0,0,0,2,1,2,3,1,9,8,9,0,0,4,8,1,450,260,190,900
444,139,8,0,0,0,0,4,4,3,3,4,8,10,21,0,1,3,10,3,410,310,530,1250
445,140,8,0,0,1,0,1,1,2,1,0,1,3,5,2,2,1,1,1,130,210,140,480
446,145,8,0,1,1,0,3,1,2,2,0,1,0,13,0,2,0,3,0,90,0,360,450
447,146,8,0,1,1,0,3,4,2,2,3,1,4,17,3,2,1,2,3,150,270,490,910
448,147,8,0,1,0,0,2,3,2,0,3,1,0,20,0,1,0,9,0,40,0,510,550
449,148,8,0,1,1,1,2,1,2,2,0,1,0,5,0,0,0,7,0,300,0,80,380
450,149,8,0,0,0,0,4,0,2,2,0,1,0,15,0,0,0,5,0,10,0,400,410
451,152,8,0,0,0,0,3,0,1,2,0,0,0,16,0,3,0,1,0,-120,0,470,350
452,153,8,0,0,0,0,2,1,1,3,1,0,0,13,0,2,0,6,0,-60,0,330,270
453,154,8,0,1,0,0,3,0,0,2,0,1,0,16,0,0,0,1,0,0,0,470,470
454,155,8,0,0,0,0,1,0,1,1,0,1,0,4,0,4,0,2,0,-80,0,100,20
455,156,8,0,1,1,0,0,1,2,2,0,8,2,24,1,1,0,3,0,500,140,690,1330
456,157,8,0,2,0,0,2,2,2,2,2,4,1,7,3,2,0,2,2,120,180,190,490
457,162,8,0,0,0,0,0,0,2,3,0,2,2,11,3,1,0,4,1,70,240,290,600
458,163,8,0,0,0,0,1,2,2,3,2,3,3,8,3,3,0,2,1,90,280,220,590
459,164,8,0,0,0,0,4,2,2,2,2,6,3,6,1,3,0,4,1,210,160,140,510
460,210,8,0,1,1,0,1,2,2,3,1,5,2,18,0,3,0,1,0,300,80,530,910
461,211,8,0,0,0,0,3,2,2,3,2,5,6,7,1,1,0,0,2,230,260,210,700
462,212,8,0,0,0,0,2,4,2,2,4,5,3,14,1,2,0,0,0,250,180,420,850
463,299,8,0,0,0,0,0,2,3,3,2,6,1,16,2,3,0,3,1,250,140,450,840
464,215,8,0,1,0,2,0,0,2,3,0,1,1,12,1,1,1,3,0,280,90,330,700
465,165,8,0,1,2,0,0,3,3,3,1,2,2,8,3,2,0,1,1,340,240,230,810
466,166,8,0,0,0,0,0,1,2,3,1,3,3,8,3,3,0,5,2,80,260,190,530
467,167,8,0,0,0,0,1,1,3,2,1,6,5,11,2,4,0,4,0,190,320,290,800
468,169,8,0,0,1,0,3,3,2,3,2,6,2,7,2,2,0,4,0,400,200,170,770
469,170,8,0,0,2,0,2,4,2,2,2,11,4,18,0,0,0,0,1,870,140,540,1550
470,172,8,0,0,0,0,2,1,2,3,1,5,4,13,3,3,1,4,2,160,290,350,800
471,173,8,0,0,0,0,0,1,1,2,1,5,3,19,1,3,0,2,0,180,180,550,910
472,174,8,0,0,1,0,2,3,1,2,2,3,6,7,3,1,0,3,2,290,380,180,850
473,175,8,0,0,0,0,1,0,2,3,0,8,2,12,3,4,1,4,2,270,210,320,800
474,176,8,0,1,1,0,0,2,1,2,1,4,1,7,2,1,2,4,2,320,100,170,590
475,177,8,0,0,0,0,0,0,2,2,0,1,0,4,0,3,0,7,0,-40,0,50,10
476,290,8,0,0,2,0,2,4,1,2,2,4,0,8,1,1,1,2,4,490,-30,220,680
477,293,8,0,1,0,1,3,2,2,3,2,4,5,27,2,4,1,0,1,210,290,810,1310
478,471,8,1,0,0,2,3,1,2,2,1,1,7,10,2,3,0,3,0,360,400,270,1030
479,472,8,0,0,1,0,4,3,3,3,2,2,0,15,2,4,0,6,1,130,100,390,620
480,487,8,0,0,0,0,1,2,3,3,2,0,0,12,1,2,0,6,0,-30,60,300,330
481,496,8,0,0,0,0,3,2,3,3,2,1,0,14,3,4,0,9,0,-60,180,330,450
482,500,8,0,0,0,0,2,2,4,4,2,1,1,19,3,2,0,6,2,10,180,510,700
483,537,8,0,0,0,0,0,0,2,2,0,2,0,12,2,1,1,6,1,70,170,300,540
484,544,8,0,0,0,0,0,0,1,1,0,0,0,1,0,0,0,1,0,0,0,20,20
485,547,8,1,1,0,0,0,0,2,2,0,2,0,4,0,0,0,4,2,210,-40,80,250
486,143,9,0,2,0,0,2,4,2,1,4,1,4,14,0,3,3,4,1,-20,110,380,470
487,222,9,0,1,0,1,0,1,3,3,1,0,3,11,5,5,2,3,2,-10,360,300,650
488,241,9,0,0,0,0,0,0,1,1,0,0,0,0,0,0,0,0,0,0,0,0,0
489,227,9,0,0,0,0,0,1,4,4,1,4,1,11,1,2,1,3,3,160,30,300,490
490,223,9,2,1,0,0,1,2,2,2,2,6,6,17,3,6,1,3,2,390,370,480,1240
491,224,9,1,0,2,0,1,3,3,3,1,1,3,6,3,1,1,2,1,460,270,160,890
492,225,9,0,0,1,0,1,2,3,3,1,2,4,10,3,5,0,1,2,110,300,290,700
493,221,9,0,1,0,1,3,3,3,3,3,7,2,21,4,3,1,6,4,410,230,570,1210
494,226,9,1,1,1,0,1,2,3,3,1,2,1,8,0,0,0,7,2,370,0,170,540
495,233,9,0,0,0,0,2,2,3,3,2,3,3,18,2,2,0,2,3,110,180,520,810
496,238,9,0,1,0,0,0,0,0,1,0,0,4,6,0,1,0,3,1,-50,140,150,240
497,231,9,1,2,0,2,4,1,2,2,1,4,4,15,8,0,1,1,1,550,610,440,1600
498,240,9,0,0,0,0,2,0,1,2,0,1,0,12,0,1,0,4,1,0,-20,320,300
499,220,9,0,2,0,0,0,0,2,2,0,1,4,7,2,5,1,5,1,-140,250,160,270
500,228,9,1,1,2,2,3,7,3,3,5,3,2,16,3,1,0,0,0,880,260,480,1620
501,142,9,0,0,0,0,2,2,2,3,2,2,7,11,3,0,5,7,3,120,350,260,730
502,229,9,0,1,0,0,2,2,3,3,2,5,1,20,9,1,0,2,2,220,540,580,1340
503,144,9,0,0,0,0,1,1,3,3,1,1,7,6,2,3,3,6,8,-30,210,120,300
504,217,9,0,0,1,0,1,4,3,3,3,2,2,15,1,1,0,2,1,270,120,430,820
505,218,9,0,0,0,1,3,0,2,2,0,2,4,4,3,2,1,4,2,150,290,80,520
506,234,9,2,2,0,0,3,1,3,3,1,3,3,17,3,5,0,4,1,210,280,470,960
507,161,9,0,0,0,0,0,3,3,3,3,6,3,13,3,2,0,4,0,300,300,350,950
508,230,9,0,1,1,0,2,1,3,3,0,11,1,21,3,0,0,1,2,660,180,620,1460
509,219,9,0,0,1,1,3,1,2,3,0,3,1,9,3,3,2,6,5,320,100,210,630
510,232,9,0,0,0,2,1,0,3,3,0,1,6,13,4,1,1,3,0,290,470,360,1120
511,346,9,0,1,0,0,2,0,2,2,0,3,2,17,5,4,3,5,1,-10,330,460,780
512,159,9,0,0,2,0,0,3,3,4,1,3,3,7,1,0,0,5,0,470,180,160,810
513,351,9,0,2,0,0,3,4,3,3,4,4,4,12,0,3,0,5,2,120,120,310,550
514,137,9,0,1,1,0,0,1,3,3,0,7,3,11,2,2,3,4,0,420,210,290,920
515,138,9,0,0,0,0,3,2,2,3,2,8,7,7,1,0,1,17,3,410,270,40,720
516,139,9,0,1,1,0,2,2,2,3,1,5,9,12,1,0,6,7,4,380,280,290,950
517,140,9,0,0,1,0,0,4,3,3,3,0,8,3,1,0,1,1,2,210,330,80,620
518,141,9,0,0,1,0,0,1,2,3,0,2,4,10,1,2,0,4,4,190,140,260,590
519,145,9,0,0,1,1,1,1,1,2,0,2,0,9,0,0,0,3,0,380,0,240,620
520,146,9,1,0,0,2,1,0,3,3,0,2,4,18,2,2,2,1,4,440,180,530,1150
521,147,9,0,0,0,0,0,0,2,2,0,1,0,19,0,0,0,1,0,50,0,560,610
522,148,9,0,0,0,0,0,0,2,2,0,0,0,9,0,0,0,2,0,0,0,250,250
523,149,9,0,0,0,0,0,0,2,2,0,0,0,18,0,0,0,0,0,0,0,540,540
524,152,9,0,0,0,0,0,0,1,1,0,0,0,21,0,1,0,6,0,-30,0,570,540
525,153,9,0,0,0,0,0,0,2,2,0,0,0,4,0,0,0,3,0,0,0,90,90
526,154,9,0,1,0,0,0,1,2,2,1,1,0,11,0,1,0,4,0,20,0,290,310
527,155,9,2,0,0,3,0,0,1,3,0,2,0,15,0,1,0,3,0,750,0,420,1170
528,156,9,1,1,0,0,0,1,2,2,1,4,4,13,2,0,1,4,0,330,270,350,950
529,157,9,0,1,0,0,0,1,2,3,1,4,4,9,2,5,2,2,0,50,260,250,560
530,158,9,1,0,1,0,0,2,2,3,1,5,3,14,1,2,0,3,0,490,180,390,1060
531,162,9,0,0,0,0,0,1,2,3,1,0,2,7,3,2,1,4,1,-40,230,170,360
532,163,9,0,1,0,0,0,0,3,3,0,0,1,3,2,1,0,5,1,-50,140,40,130
533,164,9,0,0,0,1,1,2,2,3,2,2,6,4,3,2,1,5,1,210,390,70,670
534,245,9,0,0,0,1,0,0,2,2,0,0,0,14,2,1,1,3,2,110,70,390,570
535,302,9,0,0,0,0,0,1,2,2,1,4,0,16,2,1,0,7,5,190,20,410,620
536,303,9,0,2,0,0,1,1,2,3,1,3,1,24,0,1,0,9,4,90,-40,630,680
537,204,9,1,1,0,1,0,1,2,2,1,3,3,13,4,1,0,4,2,390,320,350,1060
538,205,9,0,0,1,0,1,3,2,2,2,4,2,9,3,3,0,3,1,290,240,240,770
539,206,9,0,0,2,2,0,3,2,3,1,4,2,10,1,1,0,2,1,770,120,280,1170
540,210,9,0,0,1,0,0,4,2,2,3,8,2,20,0,1,0,6,2,580,40,540,1160
541,211,9,0,0,1,1,0,3,2,3,2,4,9,7,2,1,0,4,2,500,440,170,1110
542,212,9,0,0,0,1,0,3,2,3,3,6,11,22,3,1,0,3,0,470,620,630,1720
543,214,9,0,0,1,0,0,4,2,2,3,8,4,21,1,1,0,3,6,580,100,600,1280
544,299,9,0,0,0,1,1,4,3,3,4,15,2,24,6,4,1,5,3,840,370,670,1880
545,215,9,0,0,2,0,0,4,2,1,2,1,0,10,0,0,0,2,1,390,-20,280,650
546,165,9,0,0,1,0,2,1,3,3,0,0,2,9,3,0,0,3,2,130,220,240,590
547,166,9,0,1,0,0,2,2,3,3,2,3,5,6,3,1,0,6,2,120,340,120,580
548,167,9,0,0,0,0,0,0,2,3,0,1,2,1,0,4,0,0,3,-70,20,30,-20
549,168,9,1,0,0,0,1,1,4,5,1,7,3,15,5,4,0,6,1,370,400,390,1160
550,169,9,0,0,0,0,1,2,2,2,2,5,4,9,1,3,0,5,1,190,200,220,610
551,170,9,2,0,4,0,1,5,2,3,1,13,2,17,4,1,0,5,0,1490,320,460,2270
552,172,9,1,1,0,2,1,2,3,3,2,3,5,8,3,2,0,2,0,510,380,220,1110
553,173,9,0,0,0,0,0,3,2,2,3,10,1,19,0,1,0,3,0,530,40,540,1110
554,174,9,0,0,2,0,1,6,1,2,4,4,5,10,0,0,0,0,3,570,140,300,1010
555,175,9,0,0,0,2,2,1,2,2,1,8,0,14,1,1,2,2,4,650,-40,400,1010
556,177,9,0,1,0,0,0,0,2,3,0,4,1,16,3,1,0,2,5,150,120,460,730
557,293,9,0,0,0,0,0,1,2,3,1,5,2,22,5,2,0,6,6,210,260,600,1070
558,471,9,2,1,1,0,0,5,3,3,4,2,6,13,5,3,0,6,3,480,480,330,1290
559,472,9,1,0,0,0,3,1,3,3,1,7,0,10,1,2,0,6,0,410,60,240,710
560,487,9,1,1,0,2,2,1,3,3,1,2,0,5,4,3,0,3,0,400,240,120,760
561,496,9,1,1,2,0,2,4,2,2,2,1,2,14,0,2,0,13,2,420,40,290,750
562,497,9,0,1,0,1,0,2,2,2,2,3,0,11,1,2,0,6,0,250,60,270,580
563,512,9,0,0,0,2,0,0,2,2,0,0,0,7,0,0,0,6,2,280,-40,150,390
564,528,9,1,0,0,0,0,0,2,2,0,5,1,13,0,4,0,8,0,260,120,310,690
565,537,9,1,1,0,0,1,0,3,3,0,7,1,15,1,3,0,14,3,360,40,310,710
566,544,9,0,1,0,0,0,2,2,2,2,5,2,14,2,5,5,4,2,120,110,380,610
567,547,9,2,2,0,1,0,1,2,2,1,2,0,5,0,4,0,2,2,360,-40,130,450
568,143,10,0,6,1,0,4,5,1,0,4,3,1,12,2,2,0,4,0,160,160,320,640
569,241,10,0,1,0,0,0,1,1,1,1,0,1,8,1,0,1,0,2,0,50,240,290
570,242,10,0,0,0,0,2,3,3,3,3,3,4,16,3,1,0,4,3,160,280,440,880
571,227,10,0,0,0,0,2,0,4,4,0,0,2,10,5,2,0,4,1,-80,360,260,540
572,223,10,1,2,2,1,3,6,3,3,4,2,3,23,2,2,1,3,3,620,170,660,1450
573,224,10,1,0,1,1,1,1,3,3,0,4,2,16,3,4,0,0,2,490,220,480,1190
574,221,10,0,2,0,0,1,3,3,3,3,1,4,20,0,3,0,7,1,-30,140,530,640
575,225,10,2,2,2,1,1,2,3,3,0,1,3,14,5,5,0,5,4,550,340,370,1260
576,226,10,0,0,0,0,2,1,4,4,1,0,2,8,0,1,1,2,1,-30,50,220,240
577,233,10,0,2,0,0,1,0,2,2,0,2,1,10,3,2,0,4,2,-10,180,260,430
578,231,10,1,2,0,0,1,2,2,2,2,4,4,8,2,2,5,1,1,260,210,230,700
579,220,10,0,2,0,0,3,3,3,3,3,4,1,19,5,6,1,3,5,10,230,540,780
580,228,10,1,0,2,0,1,3,3,3,1,4,2,10,3,4,2,2,3,520,180,280,980
581,142,10,0,1,2,0,2,5,2,1,3,5,13,16,2,4,5,11,3,450,530,370,1350
582,229,10,0,2,1,0,6,2,3,3,1,4,5,19,4,7,1,7,2,60,390,500,950
583,144,10,1,0,1,0,2,1,2,3,0,1,6,7,2,0,6,10,7,310,160,110,580
584,161,10,0,0,0,0,1,1,2,2,1,1,2,5,1,1,0,1,0,30,140,140,310
585,230,10,1,2,1,0,3,2,3,3,1,9,7,21,2,8,1,9,2,440,350,540,1330
586,219,10,0,1,2,0,1,3,2,2,1,2,0,7,2,1,1,5,3,360,50,160,570
587,232,10,0,1,2,2,0,5,3,3,3,0,6,15,4,5,1,2,2,470,430,430,1330
588,346,10,0,0,1,0,4,3,2,2,2,0,1,11,2,5,1,0,1,0,130,330,460
589,351,10,0,1,0,0,3,5,2,2,5,0,1,6,1,4,0,4,3,-70,40,140,110
590,137,10,2,0,2,5,5,6,3,4,4,5,11,13,0,1,1,1,0,1510,430,380,2320
591,138,10,0,2,3,1,6,13,3,3,10,10,6,13,0,1,4,6,3,1160,140,330,1630
592,139,10,0,0,2,0,3,4,2,2,2,6,9,15,0,1,4,15,4,580,240,300,1120
593,140,10,0,2,9,1,5,13,2,3,4,9,5,8,3,2,1,14,0,1870,370,100,2340
594,141,10,0,0,1,0,4,3,2,3,2,0,5,12,1,1,6,12,5,120,100,240,460
595,145,10,0,4,0,0,2,0,3,1,0,0,0,15,0,0,0,3,0,-100,0,420,320
596,146,10,0,2,0,0,1,1,2,2,1,0,4,10,2,1,1,3,5,-60,170,270,380
597,147,10,0,2,0,0,2,0,2,2,0,1,0,14,0,3,0,1,0,-100,0,410,310
598,148,10,0,2,0,0,1,1,2,3,1,0,0,8,0,2,0,5,0,-90,0,190,100
599,149,10,0,0,0,0,1,0,1,2,0,2,0,19,0,1,0,6,0,60,0,510,570
600,152,10,0,1,1,0,0,3,1,1,2,3,0,16,0,1,0,3,0,290,0,450,740
601,153,10,0,3,0,0,2,0,3,2,0,1,0,7,0,1,0,3,0,-60,0,180,120
602,154,10,0,0,0,0,2,1,1,2,1,0,0,18,0,2,0,2,0,-60,0,520,460
603,155,10,0,3,3,1,0,5,1,2,2,1,0,5,0,0,0,2,0,620,0,130,750
604,156,10,0,0,0,0,3,5,2,2,5,3,2,12,1,1,1,4,0,190,130,320,640
605,157,10,0,1,0,0,2,2,2,3,2,3,4,3,3,3,1,3,1,60,310,60,430
606,158,10,0,2,0,0,1,1,2,3,1,5,2,12,1,0,0,3,0,220,140,330,690
607,164,10,0,0,0,0,2,0,0,1,0,0,0,0,0,0,0,0,0,-20,0,0,-20
608,245,10,0,0,0,0,0,1,2,2,1,0,0,16,1,1,2,1,4,-10,-40,470,420
609,206,10,0,0,0,0,0,0,0,1,0,0,0,0,0,0,0,0,0,0,0,0,0
610,214,10,0,2,1,0,2,5,2,3,4,6,6,13,2,3,0,2,4,380,280,370,1030
611,202,10,1,0,0,0,5,1,1,1,1,6,8,8,5,3,0,16,5,310,520,80,910
612,165,10,1,0,2,2,2,2,1,2,0,1,2,5,3,2,0,2,3,680,200,130,1010
613,175,10,0,1,2,2,1,4,2,3,2,11,2,24,1,5,0,2,10,990,-60,700,1630
614,176,10,0,0,0,0,2,0,2,2,0,4,3,7,2,2,1,7,4,120,150,140,410
615,177,10,0,0,0,0,1,1,2,2,1,4,3,13,1,5,1,5,2,60,130,340,530
616,290,10,0,1,1,0,6,2,3,3,1,0,0,7,2,4,0,3,5,-30,20,180,170
617,293,10,0,0,2,0,0,5,2,2,3,4,2,19,7,3,0,10,7,470,360,470,1300
618,143,11,0,1,0,0,1,3,3,3,3,2,2,5,0,5,0,0,2,-20,40,150,170
619,159,11,1,2,2,1,2,4,2,3,2,4,2,3,2,3,0,1,0,660,200,80,940
620,222,11,0,0,0,0,4,1,4,4,1,1,2,11,3,3,2,0,0,-60,240,330,510
621,227,11,0,1,0,0,2,1,4,4,1,1,2,13,3,4,0,5,0,-90,260,340,510
622,223,11,0,0,0,0,1,0,4,2,0,3,3,7,0,2,3,2,4,80,10,190,280
623,224,11,1,0,2,1,6,8,3,3,6,2,7,10,3,1,2,0,1,700,420,300,1420
624,216,11,3,0,1,2,2,5,3,3,4,4,5,12,2,1,0,3,1,1050,300,330,1680
625,236,11,0,0,3,0,3,4,2,2,1,2,1,9,1,0,0,1,0,540,100,260,900
626,221,11,0,2,0,0,3,0,3,3,0,2,4,20,0,3,2,3,0,-60,140,570,650
627,226,11,1,0,1,0,1,4,4,4,3,2,3,8,5,2,0,11,2,370,380,130,880
628,233,11,0,0,0,0,1,1,2,2,1,1,0,5,3,0,0,3,1,60,160,120,340
629,231,11,4,0,1,1,2,4,3,3,3,6,5,14,0,1,0,1,1,1120,180,410,1710
630,220,11,0,3,0,0,0,3,3,3,3,6,2,9,1,5,1,5,3,150,70,220,440
631,228,11,1,2,0,1,2,4,3,3,4,8,1,16,2,2,1,4,2,630,110,440,1180
632,142,11,0,0,1,0,4,3,3,3,2,4,6,5,2,3,6,4,3,260,240,110,610
633,229,11,0,0,0,0,2,0,3,3,0,3,0,12,4,3,0,1,1,40,220,350,610
634,144,11,0,0,1,0,1,1,3,4,0,2,2,5,0,0,7,3,5,240,-90,120,270
635,217,11,0,2,0,0,2,5,2,3,5,4,3,13,1,3,1,5,3,150,110,340,600
636,218,11,0,2,1,1,2,3,2,3,2,3,3,13,1,2,0,3,1,360,160,360,880
637,234,11,0,0,1,1,0,2,3,3,1,3,3,14,1,3,1,5,2,370,130,370,870
638,158,11,1,0,0,0,2,3,3,3,3,7,4,6,0,1,0,1,1,490,140,170,800
639,230,11,2,1,0,1,1,2,3,3,2,5,1,5,4,7,0,7,4,450,200,80,730
640,219,11,0,1,3,0,2,3,3,3,0,5,3,5,0,2,1,2,3,600,50,130,780
641,239,11,0,1,1,1,1,3,2,1,2,3,0,6,3,2,0,3,1,390,160,150,700
642,232,11,4,0,1,0,1,3,3,3,2,0,4,12,2,1,0,3,0,670,280,330,1280
643,346,11,0,1,0,1,2,1,3,3,1,3,1,9,2,1,2,3,3,240,80,240,560
644,351,11,1,0,0,0,0,2,2,2,2,3,0,11,2,1,0,4,1,290,100,290,680
645,137,11,0,0,2,0,1,6,3,3,4,8,11,7,1,0,1,5,0,770,490,160,1420
646,138,11,1,1,1,0,2,4,4,4,3,9,11,13,0,1,6,14,3,720,320,250,1290
647,139,11,0,1,1,0,2,1,3,3,0,7,13,9,0,1,9,10,4,430,350,170,950
648,140,11,0,2,4,2,4,8,3,3,4,5,8,8,4,1,3,2,1,1100,510,220,1830
649,141,11,0,1,0,0,2,0,2,2,0,1,4,6,2,1,4,6,3,-20,180,120,280
650,145,11,0,0,1,0,1,4,1,3,3,0,0,7,0,2,0,3,0,140,0,180,320
651,146,11,0,0,0,0,3,1,2,3,1,3,1,4,1,4,3,1,6,20,-50,110,80
652,147,11,0,1,1,0,3,1,0,2,0,5,0,13,0,8,0,5,0,110,0,340,450
653,148,11,0,0,0,0,0,1,3,2,1,2,0,6,0,3,0,4,0,30,0,140,170
654,149,11,0,0,0,0,0,3,2,2,3,1,0,8,0,2,0,1,0,50,0,230,280
655,152,11,0,3,1,0,0,5,2,1,4,1,0,8,0,2,0,1,0,160,0,230,390
656,153,11,0,2,1,0,0,2,2,2,1,1,0,2,0,4,0,0,0,60,0,60,120
657,154,11,0,1,0,0,1,1,2,3,1,1,0,7,0,3,0,3,0,-50,0,180,130
658,155,11,1,2,1,0,2,2,2,2,1,1,0,2,0,2,0,4,0,230,0,20,250
659,156,11,0,3,0,0,1,2,2,3,2,9,4,8,2,3,1,7,0,330,270,170,770
660,157,11,0,0,0,0,0,2,3,3,2,5,2,7,1,0,1,3,2,290,90,180,560
661,161,11,0,1,1,2,2,3,3,3,2,2,2,3,0,1,1,6,1,500,50,30,580
662,162,11,0,0,0,1,2,0,3,3,0,4,4,6,3,1,0,4,0,290,340,140,770
663,163,11,0,1,0,0,2,1,3,2,1,2,1,2,4,3,0,2,0,-10,280,40,310
664,164,11,0,0,1,0,3,2,3,3,1,5,6,4,4,3,0,0,3,300,420,120,840
665,245,11,0,0,0,0,0,1,3,3,1,2,0,13,0,1,0,4,1,90,-20,350,420
666,302,11,0,0,0,0,1,0,2,3,0,4,0,4,0,3,0,4,1,100,-20,80,160
667,303,11,0,0,1,0,1,2,2,2,1,2,0,5,2,3,0,3,6,170,0,120,290
668,208,11,1,0,0,0,1,4,1,1,4,5,1,4,2,0,0,1,1,450,140,110,700
669,214,11,0,0,0,2,3,1,2,2,1,5,4,10,6,3,0,3,5,430,420,270,1120
670,289,11,0,0,0,1,3,7,2,3,7,9,9,20,5,1,2,5,3,670,580,550,1800
671,215,11,0,1,1,1,0,3,1,3,2,5,2,19,0,3,0,2,1,470,60,550,1080
672,165,11,0,1,1,1,4,2,3,3,1,3,3,5,6,4,2,1,2,280,420,140,840
673,166,11,0,0,2,0,2,3,3,3,1,3,1,7,2,3,1,4,3,360,90,170,620
674,167,11,0,0,1,0,2,3,3,3,2,9,2,3,2,7,0,5,1,410,180,40,630
675,168,11,1,1,1,2,2,4,2,4,3,11,1,13,2,3,0,10,2,1040,120,290,1450
676,169,11,0,0,2,0,3,7,2,3,5,4,8,2,4,8,0,5,0,330,560,10,900
677,170,11,1,1,2,1,4,10,2,3,8,14,8,11,1,2,0,2,0,1310,380,310,2000
678,172,11,1,0,1,0,1,5,3,3,4,4,9,6,0,1,0,2,0,520,360,160,1040
679,173,11,0,0,0,0,2,1,3,3,1,10,2,17,1,6,0,6,0,320,140,450,910
680,174,11,0,1,4,1,3,10,2,2,6,5,4,7,3,4,3,5,6,940,190,160,1290
681,176,11,0,1,1,0,0,2,2,3,1,2,2,4,0,1,3,6,1,220,30,60,310
682,177,11,0,0,0,0,3,1,3,3,1,5,0,10,2,1,1,5,6,210,-10,250,450
683,290,11,0,2,0,0,0,3,1,1,3,3,0,8,1,1,1,4,0,140,50,200,390
684,293,11,0,0,1,1,2,3,2,3,2,4,1,13,5,4,2,6,2,390,280,330,1000
685,471,11,1,0,1,0,1,4,3,3,3,3,4,9,1,2,1,3,1,420,190,240,850
686,472,11,0,0,0,0,1,1,3,3,1,3,0,5,0,4,0,4,2,40,-40,110,110
687,487,11,0,0,1,0,0,4,3,3,3,8,1,7,1,6,0,7,2,430,60,140,630
688,496,11,1,3,0,0,1,1,3,3,1,9,0,13,0,6,1,2,0,350,-10,370,710
689,500,11,1,2,0,0,0,1,3,3,1,1,1,12,0,7,0,5,1,-50,20,310,280
690,506,11,1,1,2,0,0,7,3,3,5,2,2,12,4,6,0,9,3,430,260,270,960
691,528,11,0,0,0,0,0,0,3,3,0,1,0,9,1,2,0,10,1,-10,40,170,200
692,537,11,0,0,0,0,1,1,2,2,1,1,0,11,4,2,0,9,1,0,220,240,460
693,544,11,0,0,0,1,2,0,3,3,0,0,6,9,1,2,2,4,3,60,220,230,510
694,547,11,0,0,0,0,0,1,2,2,1,4,1,3,0,3,2,7,1,130,0,20,150
695,143,12,0,2,0,0,4,0,0,2,0,1,1,15,1,1,1,0,3,-60,30,450,420
696,159,12,0,0,0,0,0,0,3,3,0,4,1,6,1,0,0,10,1,200,80,80,360
697,222,12,0,0,0,0,2,0,3,3,0,0,4,11,2,7,0,6,2,-230,240,270,280
698,246,12,0,0,0,0,1,1,3,3,1,2,3,6,0,5,1,4,1,-40,90,140,190
699,227,12,0,0,0,0,0,1,3,3,1,1,3,7,0,8,0,6,1,-170,100,150,80
700,223,12,0,0,0,0,0,0,2,3,0,1,0,7,3,2,0,7,0,-10,180,140,310
701,224,12,0,0,0,0,2,2,3,3,2,1,5,13,2,1,1,2,2,40,270,370,680
702,216,12,0,0,1,0,0,2,3,3,1,1,8,21,1,0,0,5,0,220,380,580,1180
703,221,12,0,0,1,0,1,2,3,3,1,4,9,27,1,3,0,8,1,270,400,730,1400
704,225,12,0,0,0,0,0,3,3,3,3,4,4,14,2,2,0,2,2,200,240,400,840
705,226,12,0,1,0,0,2,0,3,3,0,3,5,4,1,4,2,7,1,-10,220,50,260
706,233,12,0,1,0,0,0,1,2,2,1,3,3,8,1,4,2,5,1,30,140,190,360
707,250,12,0,1,0,1,1,0,2,2,0,1,3,7,1,1,2,3,0,130,160,180,470
708,238,12,0,0,0,0,1,0,2,2,0,1,2,6,2,0,0,9,0,40,200,90,330
709,231,12,1,2,0,1,1,4,3,3,4,2,5,12,2,0,0,6,1,400,300,300,1000
710,220,12,0,2,0,0,0,1,2,2,1,5,6,25,1,1,0,2,1,200,280,730,1210
711,228,12,0,1,0,0,1,2,3,3,2,3,6,18,4,3,0,5,1,70,460,490,1020
712,141,12,0,0,0,0,4,1,2,2,1,2,4,4,0,1,1,3,1,50,130,90,270
713,142,12,0,1,0,0,0,1,0,2,1,1,0,7,1,1,2,9,3,20,-20,120,120
714,229,12,0,1,0,0,0,1,2,2,1,0,3,13,0,0,0,1,0,0,120,380,500
715,144,12,1,0,0,0,3,1,1,2,1,2,8,6,0,0,8,8,7,220,100,100,420
716,217,12,0,0,0,0,4,3,1,2,3,2,7,10,2,1,0,2,2,90,360,280,730
717,218,12,0,0,0,0,0,2,2,2,2,1,2,8,2,0,0,4,1,90,180,200,470
718,234,12,0,1,0,0,2,1,3,3,1,0,2,9,1,1,1,6,0,-50,130,210,290
719,158,12,0,1,0,0,1,0,1,2,0,1,3,5,1,1,0,4,0,-10,180,110,280
720,230,12,0,1,0,0,1,1,3,3,1,1,4,9,8,2,2,2,0,-20,620,250,850
721,219,12,0,1,0,0,0,1,2,3,1,2,3,16,2,3,0,7,3,10,180,410,600
722,232,12,1,1,1,2,2,6,3,3,5,3,4,16,6,5,1,3,2,620,470,450,1540
723,346,12,1,1,0,0,1,0,2,2,0,1,5,22,2,5,3,12,3,0,230,540,770
724,351,12,0,0,0,0,1,0,2,2,0,2,3,13,0,5,0,4,0,-60,120,350,410
725,137,12,0,1,0,0,1,2,2,3,2,2,3,8,2,0,1,5,0,110,230,190,530
726,138,12,1,1,0,1,2,0,3,3,0,5,7,11,1,0,1,9,5,480,230,240,950
727,139,12,0,0,0,0,1,3,2,3,3,2,3,5,0,0,2,5,2,150,60,100,310
728,140,12,0,0,1,0,2,1,2,4,0,0,11,14,3,0,2,3,3,130,540,390,1060
729,145,12,0,1,0,0,2,3,2,2,3,0,0,4,0,2,0,1,0,-40,0,110,70
730,146,12,0,0,0,0,2,1,2,3,1,2,3,8,4,3,0,5,2,10,320,190,520
731,147,12,0,0,0,0,1,0,2,1,0,3,0,4,0,0,0,0,0,140,0,120,260
732,148,12,0,0,0,0,0,0,2,3,0,0,0,3,0,1,0,1,0,-30,0,80,50
733,149,12,0,0,0,0,1,0,2,1,0,0,0,3,0,1,0,3,0,-40,0,60,20
734,152,12,0,0,0,0,0,0,2,2,0,2,0,16,0,0,0,4,0,100,0,440,540
735,153,12,0,0,0,0,0,0,2,1,0,2,0,5,0,1,0,2,0,70,0,130,200
736,154,12,0,1,0,0,0,0,2,0,0,0,0,21,0,2,0,2,0,-80,0,610,530
737,155,12,0,0,0,0,1,0,1,1,0,1,0,10,0,0,0,2,0,40,0,280,320
738,156,12,0,1,0,0,0,0,2,3,0,7,3,12,1,2,1,4,0,270,170,320,760
739,157,12,0,0,0,0,1,0,2,3,0,3,0,9,1,0,0,6,0,140,60,210,410
740,161,12,0,1,0,0,0,0,3,3,0,1,5,5,0,0,0,1,0,30,200,140,370
741,162,12,0,0,0,0,0,1,2,3,1,2,2,4,2,1,0,3,1,90,180,90,360
742,163,12,0,0,0,0,0,0,2,3,0,2,6,7,1,1,0,7,1,70,280,140,490
743,164,12,0,0,1,0,1,1,2,3,0,0,0,6,1,0,0,1,1,140,40,170,350
744,203,12,1,0,1,1,1,2,3,3,1,3,5,9,2,2,0,3,2,520,280,240,1040
745,205,12,0,0,1,0,1,3,2,2,2,2,3,11,1,1,0,4,3,250,120,290,660
746,207,12,0,0,1,0,0,1,2,3,0,4,2,11,0,0,0,2,0,350,80,310,740
747,206,12,0,0,0,1,2,1,1,2,1,11,8,26,1,0,0,6,1,690,360,720,1770
748,209,12,1,0,0,1,2,1,2,2,1,5,4,11,4,3,0,7,5,430,300,260,990
749,210,12,0,1,1,1,1,5,2,2,4,2,0,9,0,2,0,3,3,380,-60,240,560
750,211,12,0,1,1,1,1,2,3,2,1,3,3,8,1,0,0,4,4,430,100,200,730
751,213,12,0,0,0,0,2,0,1,2,0,5,6,17,0,2,0,6,3,170,180,450,800
752,214,12,0,1,0,0,2,1,2,2,1,3,2,11,2,0,0,6,4,130,120,270,520
753,289,12,0,0,0,1,2,2,1,2,2,3,6,14,1,3,0,5,1,220,280,370,870
754,298,12,0,0,0,0,2,1,3,3,1,3,1,7,2,1,0,7,5,120,60,140,320
755,198,12,0,1,0,0,1,0,2,3,0,5,1,18,0,1,0,3,1,190,20,510,720
756,291,12,0,0,0,0,1,0,2,3,0,1,2,8,0,1,2,7,4,10,-20,170,160
757,166,12,0,0,0,0,0,0,2,3,0,1,1,5,3,1,0,9,1,20,200,60,280
758,167,12,0,0,0,0,1,0,2,3,0,0,4,7,0,0,0,5,2,-10,120,160,270
759,168,12,0,1,0,0,1,0,1,2,0,6,2,7,0,1,1,3,2,240,30,180,450
760,169,12,0,0,0,0,0,0,2,3,0,2,1,10,0,0,0,1,0,100,40,290,430
761,170,12,2,0,0,2,2,1,2,3,1,11,6,20,1,1,1,2,0,1060,290,580,1930
762,172,12,0,0,0,2,1,0,2,3,0,4,5,5,1,2,0,7,3,410,200,80,690
763,173,12,0,0,0,0,0,1,2,2,1,2,3,14,1,1,0,2,2,90,140,400,630
764,174,12,0,0,1,0,0,1,1,3,0,2,1,4,0,3,0,1,2,160,0,110,270
765,176,12,0,0,0,0,0,1,1,2,1,1,1,10,3,0,0,1,3,70,160,290,520
766,290,12,0,0,0,0,0,0,2,2,0,3,0,1,0,1,0,2,0,120,0,10,130
767,293,12,0,0,1,0,0,1,2,1,0,1,1,11,1,2,0,1,0,140,100,320,560
768,471,12,0,0,0,0,0,1,2,2,1,1,2,4,1,0,1,3,0,70,130,90,290
769,472,12,0,0,0,0,1,0,2,2,0,0,0,21,0,1,0,4,1,-40,-20,590,530
770,487,12,0,1,0,0,0,0,2,2,0,0,0,3,0,2,0,8,0,-80,0,10,-70
771,496,12,0,0,0,0,0,1,2,2,1,4,0,12,4,2,0,14,2,160,200,220,580
772,500,12,0,1,0,0,1,0,2,2,0,2,1,15,0,4,0,4,0,-50,40,410,400
773,506,12,0,0,0,1,1,0,3,3,0,5,0,25,3,3,0,7,0,290,180,680,1150
774,528,12,0,0,0,0,1,1,3,3,1,1,2,15,7,4,1,20,3,-60,510,250,700
775,537,12,1,0,1,1,1,1,2,2,0,2,0,14,2,2,0,17,2,450,80,250,780
776,544,12,2,1,0,1,0,1,2,2,1,4,8,30,5,3,3,10,5,510,570,800,1880
777,547,12,1,0,0,0,0,0,2,2,0,4,0,13,1,4,1,12,2,210,10,270,490
778,222,13,0,1,0,0,1,3,3,3,3,0,7,9,1,2,1,3,3,-30,270,240,480
779,227,13,0,0,1,0,1,1,3,3,0,3,3,14,0,1,1,0,3,260,50,420,730
780,223,13,1,1,1,0,1,1,3,3,0,0,4,10,1,2,0,5,1,190,200,250,640
781,225,13,2,0,0,0,1,2,3,3,2,4,6,9,0,3,0,4,1,400,220,230,850
782,216,13,1,2,3,1,1,6,3,3,3,7,1,14,1,2,0,6,3,1020,40,360,1420
783,221,13,0,3,1,0,2,3,2,2,2,1,2,13,1,1,1,4,0,130,130,350,610
784,233,13,0,0,1,0,1,3,3,3,2,6,3,9,2,5,2,7,2,330,180,200,710
785,231,13,1,0,2,0,2,3,3,3,1,2,3,10,2,2,0,4,0,470,240,260,970
786,220,13,0,0,0,0,2,1,2,2,1,0,1,13,1,1,0,3,4,-30,20,360,350
787,228,13,0,1,0,1,1,1,2,2,1,3,3,10,2,4,1,1,0,160,230,290,680
788,229,13,0,0,0,0,0,0,3,3,0,3,5,13,1,2,1,2,0,90,250,370,710
789,218,13,0,1,3,1,4,9,2,3,6,1,8,15,2,0,0,4,2,700,400,410,1510
790,234,13,1,0,0,0,4,1,3,3,1,2,7,14,3,0,0,2,0,210,460,400,1070
791,254,13,0,0,0,0,4,2,2,2,2,1,5,9,3,0,0,6,1,50,360,210,620
792,230,13,0,0,0,0,0,0,3,3,0,5,7,16,1,2,0,4,0,190,340,440,970
793,232,13,0,0,1,0,1,1,2,2,0,1,2,11,4,2,0,4,1,130,300,290,720
794,346,13,0,0,0,0,2,1,2,2,1,1,3,8,3,1,2,3,1,20,260,210,490
795,159,13,0,0,1,0,2,1,3,3,0,2,0,7,0,0,0,6,0,230,0,150,380
796,351,13,0,2,0,0,3,0,2,2,0,0,3,12,0,1,0,3,1,-100,100,330,330
797,137,13,1,0,1,1,1,2,2,3,1,2,5,15,2,0,1,4,2,530,270,410,1210
798,138,13,1,1,1,0,1,2,3,4,1,5,9,9,0,0,4,3,1,520,300,240,1060
799,139,13,0,0,0,0,0,0,2,3,0,1,3,9,0,0,2,1,0,50,100,260,410
800,140,13,0,0,3,1,0,6,3,4,3,0,5,5,1,0,3,5,3,650,170,100,920
801,141,13,0,1,0,0,1,1,3,3,1,0,2,8,0,0,2,4,0,-10,60,200,250
802,145,13,0,1,1,1,2,5,2,2,4,0,0,8,0,0,0,0,0,330,0,240,570
803,146,13,0,0,0,0,0,1,2,2,1,1,0,5,2,0,1,5,1,70,90,100,260
804,147,13,0,0,0,0,0,2,3,2,2,0,0,9,0,0,0,2,0,40,0,250,290
805,148,13,0,0,0,0,1,0,3,2,0,0,0,3,0,0,0,1,0,-10,0,80,70
806,149,13,0,0,0,0,1,2,2,2,2,1,0,5,0,2,0,2,0,20,0,130,150
807,152,13,0,0,0,0,1,1,1,1,1,0,0,9,0,1,0,0,0,-20,0,270,250
808,154,13,0,1,0,1,0,1,2,0,1,0,0,9,0,0,0,3,0,140,0,240,380
809,155,13,0,0,1,0,1,3,2,2,2,1,0,5,0,2,0,2,0,170,0,130,300
810,156,13,0,0,0,0,0,0,3,3,0,0,1,1,3,0,0,5,0,0,220,-20,200
811,157,13,0,0,0,0,1,0,3,3,0,1,1,7,0,0,0,2,0,40,40,190,270
812,158,13,0,0,0,0,0,2,3,3,2,0,1,9,0,1,0,2,0,10,40,250,300
813,162,13,0,0,1,0,1,3,2,2,2,1,1,7,0,2,0,2,0,170,40,190,400
814,163,13,0,0,0,0,0,0,2,2,0,1,0,2,0,2,0,2,0,-10,0,40,30
815,164,13,0,1,2,0,1,3,3,3,1,1,1,5,2,0,0,2,2,340,120,130,590
816,302,13,0,0,0,0,0,0,1,2,0,4,0,7,1,2,1,4,1,140,30,170,340
817,303,13,0,0,0,0,1,1,1,2,1,3,0,11,1,1,0,7,5,130,-40,260,350
818,203,13,0,1,0,0,0,0,3,3,0,1,1,2,1,0,0,3,0,30,100,30,160
819,204,13,0,1,0,0,1,1,2,2,1,7,3,22,5,1,0,6,1,310,400,600,1310
820,207,13,0,0,3,1,1,4,2,2,1,7,3,17,3,3,0,6,0,860,300,450,1610
821,208,13,0,0,0,0,1,0,0,1,0,3,2,10,0,1,0,0,0,110,80,300,490
822,209,13,0,0,0,0,0,0,1,2,0,1,1,13,2,0,0,3,0,50,160,360,570
823,210,13,0,0,0,1,2,1,2,2,1,4,4,14,0,0,0,6,1,340,140,360,840
824,211,13,0,0,0,0,2,1,3,3,1,7,6,15,3,1,0,3,4,320,340,420,1080
825,212,13,0,0,1,0,0,4,2,2,3,9,6,20,1,0,0,3,0,660,300,570,1530
826,213,13,0,0,0,0,3,1,2,2,1,6,9,25,1,2,1,6,1,230,390,690,1310
827,214,13,0,0,2,0,1,3,1,2,1,8,8,12,4,1,2,10,5,680,440,260,1380
828,289,13,0,0,3,1,2,6,2,3,3,9,5,11,1,4,0,2,4,960,180,310,1450
829,298,13,0,1,0,0,2,1,2,2,1,6,1,18,2,1,0,10,5,250,60,440,750
830,299,13,0,0,0,0,1,1,2,3,1,3,0,16,0,3,0,1,8,70,-160,470,380
831,215,13,0,4,3,0,0,6,3,3,3,0,0,10,1,0,0,3,2,430,20,270,720
832,165,13,1,0,6,1,1,8,2,3,2,1,3,11,2,1,0,0,0,1220,240,330,1790
833,166,13,1,0,1,1,0,1,2,2,0,1,0,1,0,0,0,1,0,470,0,20,490
834,167,13,0,0,0,0,0,0,2,2,0,4,1,8,0,2,1,7,0,140,30,170,340
835,170,13,1,1,5,0,0,7,2,2,2,5,2,8,1,0,0,2,0,1150,140,220,1510
836,172,13,0,0,1,0,0,2,2,2,1,1,2,10,0,1,0,6,1,190,60,240,490
837,173,13,0,0,0,0,2,0,1,2,0,1,1,8,1,0,0,2,0,30,100,220,350
838,174,13,0,0,1,1,1,2,1,2,1,2,7,9,4,1,0,4,3,370,460,230,1060
839,175,13,0,0,3,0,1,6,2,2,3,3,0,12,1,1,0,2,4,620,-20,340,940
840,176,13,0,0,2,1,3,3,2,2,1,3,1,7,4,2,0,5,4,520,200,160,880
841,177,13,0,1,0,1,0,3,2,3,3,5,1,6,0,2,0,5,4,370,-40,130,460
842,290,13,0,0,0,2,4,1,2,3,1,2,0,7,5,1,0,6,2,330,260,150,740
843,293,13,0,0,0,2,2,3,2,2,3,8,2,15,0,4,2,1,3,600,0,440,1040
844,471,13,1,0,1,1,0,2,2,2,1,1,2,10,1,0,0,1,2,490,100,290,880
845,472,13,1,1,0,0,2,3,2,2,3,4,0,17,0,3,0,7,1,260,-20,440,680
846,487,13,0,0,0,0,0,1,2,2,1,0,0,2,0,2,0,0,2,-40,40,60,60
847,496,13,0,0,0,0,2,1,3,3,1,4,0,16,2,1,0,2,3,170,60,460,690
848,497,13,1,2,0,0,0,0,3,3,0,0,1,6,0,2,0,9,0,30,40,90,160
849,500,13,0,1,0,0,1,1,2,2,1,1,1,13,4,2,1,3,1,-20,250,360,590
850,501,13,0,0,0,0,0,0,2,2,0,2,2,16,3,2,0,8,1,40,240,400,680
851,506,13,0,1,1,0,2,2,3,3,1,1,2,9,1,2,0,7,0,120,140,200,460
852,528,13,0,0,0,0,0,0,1,1,0,0,0,7,0,1,0,3,0,-30,0,180,150
853,537,13,0,1,0,0,2,1,3,3,1,1,0,12,2,0,0,7,3,30,60,290,380
854,544,13,1,0,0,0,0,1,2,2,1,1,6,7,0,1,1,3,1,170,210,180,560
855,547,13,0,0,1,0,0,1,2,2,0,0,0,8,0,1,2,4,0,120,-20,200,300
856,222,14,1,0,0,0,1,1,2,2,1,0,6,4,2,1,1,4,1,110,330,80,520
857,227,14,1,0,0,0,0,1,2,2,1,2,2,9,0,1,0,0,1,220,60,270,550
858,223,14,2,1,0,0,1,1,2,2,1,1,1,12,3,1,0,6,2,270,180,300,750
859,224,14,0,0,0,2,0,2,3,3,2,5,3,16,2,2,0,6,0,510,240,420,1170
860,225,14,0,0,1,0,0,2,3,3,1,1,5,8,4,2,0,6,2,160,400,180,740
861,216,14,1,0,0,4,0,0,3,3,0,8,3,29,1,4,0,4,3,970,120,830,1920
862,221,14,0,0,0,1,0,0,2,2,0,2,3,15,2,3,0,3,0,150,240,420,810
863,226,14,0,0,0,0,0,2,3,3,2,2,2,13,2,1,2,1,1,110,160,380,650
864,233,14,0,1,0,0,0,0,3,3,0,6,2,12,3,5,0,5,3,130,200,310,640
865,231,14,2,0,2,1,0,2,3,3,0,5,0,11,1,1,2,2,3,920,-20,310,1210
866,220,14,0,0,0,0,0,1,2,2,1,2,4,17,1,1,0,2,0,90,220,490,800
867,229,14,1,1,1,0,0,1,2,2,0,3,2,9,1,3,0,4,4,320,60,230,610
868,217,14,0,0,2,0,1,3,2,3,1,9,5,12,3,4,0,7,1,640,360,290,1290
869,218,14,1,0,2,2,0,2,2,3,0,1,5,13,2,0,0,3,4,760,240,360,1360
870,234,14,0,0,0,0,0,2,2,2,2,2,0,11,1,3,0,4,2,50,20,290,360
871,230,14,1,0,0,0,0,0,2,2,0,1,2,10,4,2,0,4,1,120,300,260,680
872,219,14,0,0,0,1,0,1,2,3,1,3,3,9,4,5,1,5,2,160,310,220,690
873,232,14,0,0,1,0,0,1,2,2,0,2,2,11,2,1,0,3,0,220,200,300,720
874,346,14,0,0,0,0,0,0,1,1,0,0,2,9,1,0,0,1,0,0,140,260,400
875,351,14,1,0,0,1,0,0,2,2,0,1,1,15,1,2,0,6,1,260,80,390,730
876,183,14,0,0,2,0,1,4,2,2,2,11,4,23,2,2,0,6,2,820,240,630,1690
877,190,14,0,0,0,0,1,1,2,2,1,2,2,28,0,3,2,2,0,20,60,820,900
878,302,14,0,2,1,0,2,3,2,3,2,6,0,16,3,4,0,6,0,310,180,420,910
879,303,14,0,0,0,1,0,2,2,2,2,0,0,13,1,3,1,4,3,90,-10,350,430
880,203,14,0,0,0,1,3,1,2,3,1,7,4,13,1,3,0,5,1,390,200,340,930
881,204,14,0,1,1,1,1,2,2,2,1,2,2,9,2,1,0,2,0,350,200,250,800
882,205,14,0,0,1,1,0,1,3,3,0,4,5,18,2,1,0,1,0,460,320,530,1310
883,207,14,0,0,1,1,0,2,1,1,1,6,1,16,2,0,0,3,0,610,160,450,1220
884,206,14,0,0,1,3,0,1,2,2,0,9,2,14,4,1,0,6,3,990,260,360,1610
885,208,14,0,0,1,0,0,1,1,1,0,3,3,7,3,0,0,1,0,300,300,200,800
886,209,14,0,2,1,0,0,2,2,3,1,4,3,8,2,0,0,6,3,330,180,180,690
887,211,14,0,0,0,0,0,2,2,3,2,7,3,10,0,2,0,3,0,330,120,270,720
888,212,14,0,1,2,1,0,5,2,3,3,8,3,19,3,3,1,1,1,790,270,560,1620
889,213,14,0,0,0,0,0,0,2,3,0,10,2,18,1,4,0,6,0,380,140,480,1000
890,214,14,0,0,1,0,1,4,2,3,3,4,3,10,2,1,0,5,2,370,200,250,820
891,289,14,0,2,1,0,1,2,2,2,1,3,4,13,3,1,0,1,0,240,340,380,960
892,298,14,0,0,0,0,0,0,2,2,0,0,0,10,1,0,0,3,0,0,60,270,330
893,299,14,0,0,0,0,0,0,2,3,0,9,1,10,0,0,0,4,1,450,20,260,730
894,194,14,0,1,0,0,0,2,1,2,2,10,7,21,1,5,0,5,2,370,300,580,1250
895,195,14,1,0,4,2,0,4,2,3,0,14,10,19,5,1,0,13,2,1680,660,440,2780
896,197,14,0,0,0,0,0,0,3,3,0,5,8,17,2,1,0,12,3,220,380,390,990
897,198,14,0,2,0,0,0,1,2,3,1,12,1,13,4,4,0,6,0,460,280,330,1070
898,199,14,0,0,1,0,0,1,2,2,0,5,5,14,4,4,0,6,6,280,320,360,960
899,200,14,1,0,0,0,1,0,2,2,0,10,2,14,3,6,0,4,0,440,260,380,1080
900,201,14,1,0,1,0,3,3,4,4,2,9,8,29,5,3,0,9,3,650,560,780,1990
901,202,14,0,0,0,1,1,1,2,2,1,6,5,20,4,4,2,3,3,330,360,570,1260
902,291,14,0,0,1,1,1,3,3,3,2,7,3,11,4,2,0,5,4,610,280,280,1170
903,215,14,0,3,0,1,0,1,2,2,1,1,0,15,1,1,2,3,0,120,40,420,580
904,165,14,2,3,1,3,3,2,2,3,1,2,2,15,4,2,0,1,0,800,320,440,1560
905,166,14,0,0,1,0,0,3,1,2,2,2,2,2,2,1,2,6,0,260,180,0,440
906,167,14,0,1,0,1,1,0,2,2,0,4,3,2,3,2,1,3,1,250,270,30,550
907,168,14,0,1,0,2,1,1,2,2,1,8,3,9,2,1,0,4,1,640,220,230,1090
908,169,14,0,1,0,0,3,1,2,3,1,4,3,13,3,0,0,2,2,170,260,370,800
909,170,14,0,0,0,2,0,1,2,2,1,11,2,17,1,2,0,3,1,790,120,480,1390
910,172,14,0,0,3,0,2,4,2,3,1,5,3,10,2,1,0,2,0,670,240,280,1190
911,173,14,0,0,0,0,0,0,2,3,0,10,5,17,1,4,0,5,2,380,220,460,1060
912,174,14,0,0,0,0,0,3,2,1,3,2,11,13,2,3,1,6,6,70,430,330,830
913,175,14,0,0,0,1,0,2,2,3,2,11,1,17,1,2,0,1,2,670,60,500,1230
914,176,14,0,0,0,0,2,1,2,3,1,6,3,15,1,5,0,4,0,150,180,410,740
915,177,14,0,0,0,0,1,0,3,3,0,3,2,19,1,3,0,7,6,50,20,500,570
916,290,14,0,1,0,0,0,1,2,3,1,3,2,14,1,1,0,1,2,120,100,410,630
917,471,14,0,0,0,2,0,1,2,2,1,1,3,8,1,3,0,2,0,260,180,220,660
918,472,14,1,0,0,0,1,1,2,2,1,4,0,12,0,2,0,0,2,280,-40,360,600
919,487,14,0,0,0,0,0,0,2,2,0,0,0,3,0,1,0,1,0,-30,0,80,50
920,496,14,0,0,0,0,0,2,2,2,2,1,0,7,1,1,0,4,1,60,40,170,270
921,500,14,0,1,2,1,1,3,2,2,1,7,0,14,1,3,0,2,1,690,40,400,1130
922,506,14,2,0,1,0,0,6,3,3,5,2,1,15,2,3,0,7,1,520,140,380,1040
923,528,14,1,0,0,1,2,2,2,2,2,3,3,18,3,7,0,12,3,230,240,420,890
924,537,14,1,1,1,0,2,1,3,3,0,3,0,14,6,5,2,10,4,240,260,320,820
925,544,14,1,1,1,0,0,1,2,2,0,5,2,17,3,1,0,5,0,480,260,460,1200
926,547,14,0,0,0,0,1,0,1,1,0,2,0,6,2,1,0,4,0,60,120,140,320
927,222,15,0,0,0,0,0,0,1,1,0,0,0,0,0,0,0,0,0,0,0,0,0
928,227,15,0,0,0,0,0,0,1,1,0,0,0,0,0,0,0,0,0,0,0,0,0
929,223,15,0,0,0,0,0,0,2,2,0,0,0,0,0,0,0,0,0,0,0,0,0
930,224,15,0,0,0,0,0,0,1,1,0,0,0,0,0,0,0,0,0,0,0,0,0
931,216,15,0,0,0,0,0,0,1,1,0,0,0,0,0,0,0,0,0,0,0,0,0
932,221,15,0,0,0,0,0,0,1,1,0,0,0,0,0,0,0,0,0,0,0,0,0
933,225,15,0,0,0,0,0,0,1,1,0,0,0,0,0,0,0,0,0,0,0,0,0
934,226,15,0,0,0,0,0,0,1,1,0,0,0,0,0,0,0,0,0,0,0,0,0
935,231,15,0,0,0,0,0,0,1,1,0,0,0,0,0,0,0,0,0,0,0,0,0
936,220,15,0,0,0,0,0,0,1,1,0,0,0,0,0,0,0,0,0,0,0,0,0
937,228,15,0,0,0,0,0,0,1,1,0,0,0,0,0,0,0,0,0,0,0,0,0
938,229,15,0,0,0,0,0,0,1,1,0,0,0,0,0,0,0,0,0,0,0,0,0
939,217,15,0,0,0,0,0,0,0,1,0,0,0,0,0,0,0,0,0,0,0,0,0
940,218,15,0,0,0,0,0,0,0,1,0,0,0,0,0,0,0,0,0,0,0,0,0
941,230,15,0,0,0,0,0,0,1,1,0,0,0,0,0,0,0,0,0,0,0,0,0
942,219,15,0,0,0,0,0,0,0,1,0,0,0,0,0,0,0,0,0,0,0,0,0
943,232,15,0,0,0,0,0,0,1,1,0,0,0,0,0,0,0,0,0,0,0,0,0
944,302,15,0,0,0,0,0,0,0,1,0,0,0,0,0,0,0,0,0,0,0,0,0
945,303,15,0,0,0,0,0,0,0,1,0,0,0,0,0,0,0,0,0,0,0,0,0
946,204,15,0,0,0,0,0,0,0,1,0,0,0,0,0,0,0,0,0,0,0,0,0
947,205,15,0,0,0,0,0,0,0,2,0,0,0,1,0,0,0,0,0,0,0,30,30
948,207,15,0,0,0,0,0,0,1,2,0,0,0,0,0,0,0,0,0,0,0,0,0
949,206,15,1,1,0,1,0,0,0,1,0,0,0,3,0,1,0,1,0,220,0,80,300
950,210,15,0,0,0,0,0,0,0,1,0,0,0,0,0,0,0,0,0,0,0,0,0
951,165,15,0,0,0,0,0,0,0,1,0,0,0,0,0,0,0,0,0,0,0,0,0
952,471,15,0,0,0,0,0,0,0,0,0,0,0,0,0,0,0,0,0,0,0,0,0
953,496,15,0,0,0,0,0,0,0,0,0,0,0,0,0,0,0,0,0,0,0,0,0
954,506,15,0,0,0,0,0,0,0,0,0,0,0,0,0,0,0,0,0,0,0,0,0
955,537,15,0,0,0,0,0,0,0,0,0,0,0,0,0,0,0,0,0,0,0,0,0
956,222,16,0,1,0,0,0,1,4,4,1,1,2,3,0,2,0,5,2,-10,40,40,70
957,224,16,0,0,3,2,0,5,3,3,2,1,2,7,1,1,1,0,5,790,30,210,1030
958,216,16,0,0,2,1,5,2,3,3,0,1,7,23,1,4,0,4,4,320,260,650,1230
959,243,16,0,0,1,0,3,3,3,3,2,1,2,7,5,1,1,3,0,180,370,180,730
960,225,16,0,1,0,0,1,4,3,3,4,3,6,9,6,1,1,2,3,170,530,250,950
961,217,16,1,1,0,1,2,2,2,2,2,1,4,10,1,1,0,5,1,290,200,250,740
962,218,16,1,0,3,0,3,3,3,3,0,6,3,7,3,1,0,10,9,820,120,110,1050
963,159,16,0,0,0,0,0,1,3,3,1,0,2,9,1,0,0,5,0,20,140,220,380
964,219,16,0,1,1,0,1,3,2,3,2,1,4,10,4,2,1,3,4,150,310,270,730
965,237,16,0,0,0,1,1,0,2,2,0,3,1,7,2,0,0,3,3,280,100,180,560
966,158,16,0,1,0,0,0,2,3,3,2,1,1,3,3,1,0,2,1,40,200,70,310
967,145,16,0,1,0,0,3,1,2,2,1,0,0,14,0,0,0,2,0,-30,0,400,370
968,146,16,0,0,0,0,2,0,2,3,0,1,4,12,3,1,1,11,6,0,210,250,460
969,147,16,0,1,0,0,1,3,0,2,3,1,0,7,0,0,0,5,0,80,0,160,240
970,148,16,0,1,0,0,0,3,2,2,3,0,0,6,0,0,0,6,0,40,0,120,160
971,149,16,0,0,0,0,1,1,2,1,1,1,0,13,0,1,0,7,0,30,0,320,350
972,152,16,0,3,0,0,1,0,3,3,0,0,0,13,0,5,0,6,0,-220,0,330,110
973,153,16,0,0,0,0,2,1,2,3,1,0,0,0,0,0,0,1,0,0,0,-10,-10
974,154,16,0,0,0,0,2,0,2,2,0,0,0,8,0,1,0,2,0,-50,0,220,170
975,155,16,1,2,3,0,1,3,2,1,0,0,0,3,0,1,0,1,0,500,0,80,580
976,156,16,0,2,0,0,1,3,2,3,3,2,1,5,2,0,0,3,1,110,140,120,370
977,157,16,0,0,0,0,0,0,2,3,0,0,0,5,1,2,1,3,0,-60,50,120,110
978,161,16,0,0,0,0,0,3,2,3,3,6,1,6,2,1,0,1,0,330,160,170,660
979,162,16,0,1,0,0,2,1,2,2,1,0,0,6,2,0,0,5,2,-20,80,130,190
980,163,16,0,1,0,0,1,0,2,2,0,1,2,7,1,0,1,2,0,20,130,190,340
981,164,16,1,0,1,0,1,3,2,3,2,5,3,11,1,2,1,5,0,500,170,280,950
982,181,16,0,0,0,0,1,3,2,2,3,3,4,14,1,1,0,1,3,170,160,410,740
983,182,16,0,0,0,0,0,1,2,3,1,3,1,17,2,1,0,2,1,140,140,490,770
984,184,16,0,0,0,0,1,0,1,2,0,1,0,11,1,1,2,3,3,10,-20,300,290
985,165,16,0,1,1,0,0,2,2,3,1,2,0,7,5,0,0,2,4,250,220,190,660
986,166,16,0,0,0,0,2,0,3,3,0,2,2,6,0,0,0,2,2,80,40,160,280
987,167,16,0,0,0,0,1,1,2,3,1,2,1,4,3,2,1,2,0,50,210,100,360
988,168,16,0,0,0,0,1,4,2,3,4,7,7,15,3,1,0,17,1,390,440,280,1110
989,169,16,0,0,0,0,4,1,3,3,1,2,4,8,4,1,0,3,1,50,380,210,640
990,170,16,0,0,0,0,3,2,2,3,2,11,9,27,0,0,2,9,0,560,340,720,1620
991,172,16,0,1,0,0,2,0,3,3,0,0,4,10,1,1,0,8,1,-70,200,220,350
992,173,16,0,0,0,0,2,1,2,2,1,6,5,30,1,0,0,12,0,300,260,780,1340
993,174,16,0,1,1,0,2,2,1,2,1,2,3,15,3,2,1,6,0,170,290,390,850
994,175,16,0,2,1,0,0,2,3,3,1,4,0,24,2,3,1,8,6,240,-10,640,870
995,176,16,0,0,0,0,0,1,2,3,1,3,3,18,2,2,2,3,1,110,200,510,820
996,177,16,0,3,0,0,0,1,2,3,1,4,4,33,4,0,1,8,1,160,370,910,1440
997,290,16,0,0,0,0,1,2,2,3,2,1,1,11,1,2,0,4,3,20,40,290,350
998,293,16,0,0,0,0,0,1,2,2,1,0,1,28,3,1,0,3,2,-10,180,810,980
999,241,17,1,1,0,0,5,2,3,3,2,7,12,31,2,5,0,6,0,300,600,870,1770
1000,242,17,1,0,1,0,2,2,3,3,1,11,2,34,6,3,1,6,2,740,390,960,2090
1001,244,17,0,1,0,0,3,4,2,2,4,4,7,27,7,0,0,6,2,230,660,750,1640
1002,246,17,0,4,3,0,1,4,3,3,1,9,3,17,2,3,3,5,0,740,210,460,1410
1003,247,17,2,2,1,0,4,3,3,3,2,10,3,15,4,3,2,3,1,780,320,420,1520
1004,236,17,0,1,1,0,1,2,3,3,1,6,0,18,1,2,0,4,5,380,-40,500,840
1005,243,17,0,0,1,1,2,5,3,2,4,3,5,11,1,0,2,2,1,500,220,310,1030
1006,252,17,0,0,0,1,0,6,2,2,6,4,4,15,1,3,0,2,0,370,220,430,1020
1007,353,17,0,0,0,0,1,1,1,1,1,2,0,3,1,0,0,0,1,110,40,90,240
1008,238,17,0,1,1,0,1,2,2,2,1,7,9,27,2,2,0,6,3,430,420,750,1600
1009,250,17,2,2,1,0,0,2,3,3,1,9,4,26,4,3,1,6,0,750,390,720,1860
1010,249,17,5,1,2,1,0,4,3,3,2,10,3,14,1,7,1,8,2,1400,130,340,1870
1011,240,17,0,6,1,2,5,2,2,3,1,12,0,21,1,0,0,3,1,880,40,600,1520
1012,251,17,2,2,2,0,2,2,3,3,0,14,9,26,8,4,0,8,3,1080,780,700,2560
1013,239,17,0,2,0,2,1,2,2,2,2,16,6,36,1,4,0,9,1,950,280,990,2220
1014,248,17,1,0,1,2,0,3,2,2,2,7,4,13,1,2,3,2,0,890,190,370,1450
1015,245,17,0,0,0,0,2,0,2,2,0,11,12,40,4,12,0,4,0,170,720,1160,2050
1016,246,18,0,0,0,0,0,0,1,1,0,0,0,0,0,0,0,0,0,0,0,0,0
1017,247,18,0,0,0,0,0,0,1,1,0,0,0,0,0,0,0,0,0,0,0,0,0
1018,252,18,0,0,0,0,0,0,1,1,0,0,0,0,0,0,0,0,0,0,0,0,0
1019,250,18,0,0,0,0,0,0,1,1,0,0,0,0,0,0,0,0,0,0,0,0,0
1020,249,18,0,0,0,0,0,0,1,1,0,0,0,0,0,0,0,0,0,0,0,0,0
1021,248,18,0,0,0,0,0,0,1,1,0,0,0,0,0,0,0,0,0,0,0,0,0
1022,251,18,0,0,0,0,0,0,1,1,0,0,0,0,0,0,0,0,0,0,0,0,0
1023,245,18,0,0,0,0,0,0,1,1,0,0,0,0,0,0,0,0,0,0,0,0,0
1024,436,18,0,0,0,0,0,0,0,0,0,0,0,0,0,0,0,0,0,0,0,0,0
1025,437,18,0,0,0,0,0,0,0,0,0,0,0,0,0,0,0,0,0,0,0,0,0
1026,438,18,0,0,0,0,0,0,0,0,0,0,0,0,0,0,0,0,0,0,0,0,0
1027,497,18,0,0,0,0,0,0,0,0,0,0,0,0,0,0,0,0,0,0,0,0,0
1028,489,18,0,0,0,0,0,0,0,0,0,0,0,1,0,0,0,0,0,0,0,30,30
1029,489,18,0,0,0,0,0,0,0,0,0,0,0,0,0,0,0,0,0,0,0,0,0
1030,501,18,0,0,0,0,0,0,0,0,0,0,0,0,0,0,0,0,0,0,0,0,0
1031,507,18,0,0,0,0,0,0,0,0,0,0,0,0,0,0,0,0,0,0,0,0,0
1032,512,18,0,0,0,0,0,0,0,0,0,0,0,0,0,0,0,0,0,0,0,0,0
1033,534,18,0,0,0,0,0,0,0,0,0,0,0,2,0,0,0,0,0,0,0,60,60
1034,534,18,0,0,0,0,0,0,0,0,0,0,0,0,0,0,0,0,0,0,0,0,0
1035,538,18,0,0,0,0,0,0,0,0,0,0,0,0,0,0,0,0,0,0,0,0,0
1036,548,18,0,0,0,0,0,0,0,0,0,0,0,0,0,0,0,0,0,0,0,0,0
1037,567,18,0,0,0,0,0,0,0,0,0,0,1,3,0,0,0,0,0,0,40,90,130
1038,567,18,0,0,0,0,0,0,0,0,0,0,0,0,0,0,0,0,0,0,0,0,0
1039,216,19,0,0,3,1,0,5,2,2,2,2,3,5,0,3,0,2,1,640,100,130,870
1040,203,19,0,1,2,2,0,4,1,3,2,4,5,7,2,1,0,2,0,770,320,190,1280
1041,204,19,0,0,1,1,2,2,2,3,1,2,3,4,3,2,0,1,1,330,280,110,720
1042,205,19,0,0,2,1,2,3,2,3,1,3,2,4,1,5,1,3,0,440,130,90,660
1043,207,19,0,0,6,1,1,10,2,3,4,8,4,6,0,4,0,2,0,1390,160,160,1710
1044,206,19,0,0,2,0,2,5,3,3,3,8,1,6,3,2,0,2,1,680,200,160,1040
1045,208,19,0,0,1,0,4,6,1,2,5,5,2,5,0,1,0,0,1,430,60,150,640
1046,209,19,1,1,0,0,0,5,2,3,5,6,2,5,1,2,0,1,2,450,100,140,690
1047,210,19,1,0,0,2,2,0,2,3,0,6,0,11,0,1,1,1,0,660,-10,320,970
1048,211,19,0,1,2,0,2,3,3,3,1,3,3,6,2,2,0,1,4,370,160,170,700
1049,212,19,0,2,4,1,1,5,2,3,1,8,3,4,5,5,0,5,3,960,360,70,1390
1050,213,19,0,0,0,0,1,1,2,2,1,3,1,3,1,1,0,1,5,130,0,80,210
1051,298,19,0,0,1,0,0,3,1,3,2,0,3,7,4,5,0,7,5,40,260,140,440
1052,299,19,0,0,0,0,1,3,2,3,3,12,0,13,3,4,0,3,5,530,80,360,970
1053,195,19,0,2,2,0,4,3,1,2,1,7,1,6,3,4,0,2,4,470,140,160,770
1054,196,19,0,1,1,0,1,3,2,3,2,7,2,5,2,5,0,4,3,360,140,110,610
1055,197,19,0,0,2,0,2,7,2,3,5,4,2,4,1,3,1,2,1,490,110,100,700
1056,198,19,0,1,1,0,1,4,2,3,3,5,0,2,0,5,0,2,1,280,-20,40,300
1057,199,19,0,1,3,0,1,7,2,2,4,10,2,1,0,3,0,0,3,910,20,30,960
1058,200,19,2,0,0,0,0,1,1,2,1,6,2,4,2,8,0,6,0,340,200,60,600
1059,291,19,0,3,0,1,1,4,2,2,4,15,4,11,4,8,0,4,7,660,260,290,1210
1060,168,19,0,0,2,0,0,3,2,2,1,1,2,5,0,2,0,0,2,310,40,150,500
1061,169,19,0,0,0,0,0,0,1,1,0,0,1,0,1,1,0,2,0,-30,100,-20,50
1062,175,19,0,0,1,0,1,4,1,2,3,7,1,9,1,4,0,2,7,430,-40,250,640
1063,226,20,0,2,1,0,1,4,2,2,3,0,1,3,2,7,1,4,2,-50,110,50,110
1064,228,20,0,3,0,1,2,3,2,2,3,1,3,11,1,1,1,0,0,140,170,330,640
1065,471,20,2,1,0,1,0,4,2,2,4,3,3,1,0,1,1,5,0,580,110,-20,670
1066,506,20,0,1,0,2,1,1,2,2,1,0,0,8,1,2,1,5,0,210,50,190,450
1067,217,21,0,0,0,0,0,3,1,1,3,3,2,8,0,0,0,0,0,210,80,240,530
1068,161,22,0,0,0,1,0,0,2,3,0,2,3,9,2,0,0,4,0,240,240,230,710
1069,182,22,0,0,0,0,1,1,2,2,1,0,5,21,0,1,0,6,0,-20,200,570,750
1070,191,22,0,0,1,1,1,4,1,2,3,6,9,21,2,3,0,9,0,550,480,540,1570
1071,192,22,1,0,0,1,1,0,2,2,0,7,4,14,5,1,0,9,0,580,460,330,1370
1072,193,22,0,1,2,1,1,2,1,2,0,4,6,10,2,1,0,5,0,580,360,250,1190
1073,194,22,0,1,0,1,0,3,1,2,3,4,2,14,0,0,0,4,2,380,40,380,800
1074,197,22,0,0,0,0,4,2,1,2,2,2,2,26,0,4,0,10,1,-20,60,680,720
1075,199,22,0,1,0,2,1,0,2,3,0,0,7,10,2,2,2,8,3,190,320,220,730
1076,200,22,0,0,0,0,2,1,2,2,1,5,11,21,1,3,4,17,0,160,460,460,1080
1077,201,22,0,2,2,0,0,4,1,3,2,1,5,8,7,2,1,9,0,290,610,150,1050
1078,291,22,0,0,0,0,0,0,2,3,0,0,3,14,3,2,1,3,1,-60,270,390,600
1079,179,23,0,0,0,0,2,5,2,3,5,26,7,24,5,6,0,6,0,1200,580,660,2440
1080,180,23,0,0,0,0,0,3,2,3,3,26,6,32,4,3,0,7,1,1270,460,890,2620
1081,181,23,0,0,2,1,1,4,2,2,2,16,7,23,1,1,0,5,2,1240,300,640,2180
1082,292,23,1,2,1,1,1,2,3,3,1,14,6,17,5,3,0,3,4,1000,460,480,1940
1083,182,23,0,0,1,1,2,3,2,3,2,23,7,32,4,2,0,6,0,1400,520,900,2820
1084,183,23,0,0,0,0,1,1,2,3,1,9,3,23,0,4,0,3,1,340,100,660,1100
1085,184,23,0,0,1,0,1,3,2,3,2,10,1,14,7,7,1,4,4,470,370,380,1220
1086,185,23,0,2,1,0,2,3,2,3,2,8,4,18,3,2,1,6,2,470,290,480,1240
1087,190,23,0,1,0,0,1,1,2,2,1,8,6,17,0,4,3,5,0,270,210,460,940
1088,179,24,0,0,0,0,1,1,2,3,1,0,0,18,0,1,0,5,1,-20,-20,490,450
1089,180,24,0,0,0,0,0,0,2,2,0,6,0,24,0,0,0,0,0,300,0,720,1020
1090,292,24,1,0,1,0,0,2,2,3,1,0,5,13,1,1,2,3,2,270,200,360,830
1091,294,24,0,0,1,0,0,2,2,1,1,1,0,16,0,0,4,3,0,220,-40,450,630
1092,183,24,0,0,0,0,0,2,2,3,2,2,0,16,3,2,0,3,2,80,140,450,670
1093,184,24,0,0,0,0,0,1,2,2,1,3,3,26,2,2,0,4,6,110,120,740,970
1094,194,24,0,0,0,0,0,0,2,2,0,0,2,6,3,2,0,1,1,-60,240,170,350
1095,195,24,0,0,1,0,1,3,3,4,2,5,7,20,4,1,0,4,2,400,480,560,1440
1096,200,24,1,0,0,1,1,0,1,3,0,2,2,16,2,1,1,8,0,330,190,400,920
1097,179,25,1,1,3,1,0,3,2,2,0,5,4,15,3,2,0,6,4,890,260,390,1540
1098,180,25,0,0,0,0,3,4,2,2,4,21,5,26,3,3,0,8,2,1010,340,700,2050
1099,181,25,1,0,1,2,4,4,1,2,3,14,4,15,1,1,0,5,0,1250,220,400,1870
1100,292,25,0,1,0,2,1,1,2,3,1,13,5,11,5,6,0,4,1,740,480,290,1510
1101,182,25,0,5,1,0,2,4,2,3,3,24,5,27,0,5,1,6,2,1140,150,750,2040
1102,294,25,0,1,0,1,2,0,1,3,0,9,2,34,0,2,4,2,0,490,40,1000,1530
1103,183,25,1,0,1,3,1,4,2,3,3,23,4,26,5,7,0,4,2,1690,420,740,2850
1104,184,25,0,0,0,2,0,4,2,2,4,21,0,44,10,8,1,4,3,1170,530,1280,2980
1105,185,25,0,3,1,0,1,2,2,3,1,18,3,26,1,4,1,14,2,880,130,640,1650
1106,190,25,0,3,0,0,0,0,2,2,0,12,5,37,0,4,2,8,0,420,180,1030,1630
1107,179,26,0,0,1,0,2,2,2,2,1,14,6,19,3,3,0,6,1,760,400,510,1670
1108,180,26,0,2,0,0,3,7,2,2,7,12,0,15,2,2,1,4,0,610,110,410,1130
1109,181,26,0,0,3,0,5,6,2,4,3,10,6,12,1,0,0,6,1,960,280,300,1540
1110,292,26,0,0,1,0,2,7,4,4,6,15,7,15,4,2,0,4,2,940,480,410,1830
1111,182,26,0,2,1,1,1,3,3,3,2,11,1,22,0,3,0,2,1,740,20,640,1400
1112,294,26,0,0,1,1,5,4,2,3,3,16,8,42,0,4,5,5,0,980,270,1210,2460
1113,183,26,0,1,3,0,1,10,2,3,7,21,2,23,2,5,0,5,4,1460,120,640,2220
1114,184,26,0,1,0,0,1,6,3,3,6,13,2,22,6,6,3,3,3,560,350,630,1540
1115,185,26,0,1,1,1,1,2,2,2,1,16,4,18,2,2,0,3,1,1020,260,510,1790
1116,190,26,0,0,1,1,2,3,2,3,2,7,4,23,0,4,2,5,0,540,140,640,1320
1117,191,26,0,0,5,2,3,6,3,3,1,8,7,22,2,6,1,3,1,1240,370,630,2240
1118,179,27,0,0,0,0,0,0,0,1,0,0,0,0,0,0,0,0,0,0,0,0,0
1119,180,27,0,0,0,0,0,0,0,1,0,0,0,0,0,0,0,0,0,0,0,0,0
1120,181,27,0,0,0,0,0,0,0,1,0,0,0,0,0,0,0,0,0,0,0,0,0
1121,182,27,0,0,0,0,0,0,0,1,0,0,0,0,0,0,0,0,0,0,0,0,0
1122,184,27,0,0,0,0,0,0,0,1,0,0,0,0,0,0,0,0,0,0,0,0,0
1123,180,28,0,0,1,0,1,3,2,2,2,9,2,16,1,1,0,6,2,600,100,420,1120
1124,181,28,0,0,0,0,6,2,2,2,2,8,7,12,3,0,0,5,1,380,440,310,1130
1125,292,28,0,1,0,0,0,0,3,3,0,2,0,6,2,1,1,2,3,50,50,160,260
1126,294,28,0,1,0,0,0,1,2,2,1,2,1,14,1,2,7,4,0,40,30,380,450
1127,184,28,0,0,0,0,0,7,0,3,7,4,1,9,3,5,2,11,2,190,160,160,510
1128,185,28,0,2,0,0,1,5,2,2,5,0,3,9,1,2,1,3,4,-10,90,240,320
1129,191,28,0,1,2,0,3,4,1,2,2,5,7,17,0,3,0,6,1,450,260,450,1160
1130,292,29,1,0,0,1,4,1,2,2,1,6,3,7,2,2,0,5,0,490,240,160,890
1131,294,29,0,1,2,0,3,9,2,3,7,15,6,33,0,1,2,6,0,1110,220,930,2260
1132,185,29,0,0,0,0,2,4,2,3,4,5,3,12,2,5,1,5,2,160,190,310,660
1133,190,29,0,1,0,0,3,1,2,2,1,8,8,23,0,0,5,9,0,370,270,600,1240
1134,197,29,0,1,1,0,1,3,3,4,2,4,6,10,3,3,0,1,1,270,400,290,960
1135,203,30,0,0,1,0,0,1,2,3,0,2,2,8,1,0,0,3,0,250,140,210,600
1136,192,30,0,1,0,0,1,2,2,2,2,5,2,9,4,0,0,7,0,260,320,200,780
1137,193,30,0,1,1,0,3,5,2,3,4,7,5,13,5,1,0,6,1,500,480,330,1310
1138,194,30,0,0,3,0,6,6,1,2,3,6,4,18,1,1,0,4,0,720,220,500,1440
1139,196,30,0,1,0,0,4,2,2,3,2,7,4,10,5,1,0,6,0,300,460,240,1000
1140,197,30,0,2,1,0,4,5,2,3,4,5,5,14,1,1,0,3,3,370,200,390,960
1141,199,30,0,1,1,0,2,2,2,3,1,2,6,13,6,2,2,2,0,170,580,370,1120
1142,200,30,0,1,1,0,1,3,2,3,2,5,3,15,2,3,3,6,1,320,190,390,900
1143,201,30,1,3,3,1,4,9,2,2,6,3,6,8,2,1,0,7,4,860,280,170,1310
1144,202,30,0,0,2,0,0,5,2,3,3,1,7,6,0,1,0,6,0,380,280,120,780
1145,291,30,0,1,1,0,2,3,3,3,2,2,2,12,7,4,0,4,4,130,420,320,870
1146,192,31,0,0,0,0,1,2,1,2,2,10,5,19,2,3,0,4,0,440,320,530,1290
1147,193,31,1,0,2,1,0,5,2,3,3,7,9,9,3,4,0,8,2,860,500,190,1550
1148,195,31,0,1,1,0,4,4,2,3,3,13,8,15,3,8,1,7,5,560,390,380,1330
1149,196,31,0,0,1,0,0,4,2,3,3,12,8,19,7,8,0,10,0,570,740,470,1780
1150,198,31,0,2,0,0,0,2,2,3,2,4,10,17,2,4,0,8,1,80,500,430,1010
1151,199,31,0,3,2,1,2,5,1,1,3,7,6,6,1,0,2,5,0,770,280,130,1180
1152,215,32,0,3,1,1,0,5,2,2,4,3,1,21,1,1,0,6,1,430,80,570,1080
1153,472,33,1,1,0,0,0,2,2,2,2,10,1,13,1,5,0,10,1,500,80,290,870
1154,487,33,0,0,1,0,0,4,3,3,3,6,1,5,2,6,0,13,0,330,160,20,510
1155,496,33,2,0,0,0,0,4,3,3,4,9,3,15,7,8,0,12,0,550,540,330,1420
1156,500,33,0,1,1,1,2,7,4,4,6,6,5,13,0,5,0,7,3,520,140,320,980
1157,506,33,1,0,0,1,2,2,3,3,2,6,0,13,3,5,0,8,0,440,180,310,930
1158,528,33,1,0,1,0,1,3,2,2,2,2,1,8,3,1,0,12,3,380,160,120,660
1159,537,33,0,0,0,0,3,3,2,2,3,1,0,6,5,5,0,7,2,-70,260,110,300
1160,544,33,0,0,2,1,2,4,2,2,2,4,4,13,1,4,0,11,1,540,200,280,1020
1161,547,33,0,1,0,0,2,2,2,2,2,3,4,9,0,4,4,19,2,30,80,80,190
1162,436,34,0,0,2,0,3,6,2,2,4,1,0,5,3,3,0,5,2,310,140,100,550
1163,437,34,1,3,3,0,4,3,2,2,0,2,2,10,2,1,0,7,1,550,180,230,960
1164,438,34,1,1,5,2,3,10,2,2,5,7,2,10,3,2,0,9,1,1500,240,210,1950
1165,489,34,1,2,2,1,4,5,2,2,3,3,6,13,1,7,3,5,0,490,270,340,1100
1166,501,34,2,2,4,3,3,8,2,2,4,4,0,19,1,0,0,5,1,1490,40,520,2050
1167,507,34,1,1,4,0,6,11,2,2,7,3,2,15,1,2,2,14,0,880,120,310,1310
1168,534,34,2,2,5,2,3,13,2,2,8,10,10,17,4,3,3,10,2,1790,570,410,2770
1169,538,34,0,2,3,0,1,7,2,2,4,4,3,9,2,3,0,5,2,590,200,220,1010
1170,548,34,0,0,1,2,3,4,1,1,3,8,8,9,1,6,2,5,3,680,300,220,1200
1171,567,34,0,1,0,0,3,0,3,3,0,3,6,15,1,3,1,4,2,10,250,410,670
1172,567,35,0,2,1,0,1,2,2,2,1,1,3,6,1,5,2,3,3,20,100,150,270
1173,567,36,2,1,0,0,0,1,3,3,1,2,5,17,1,5,7,5,4,210,110,460,780
1174,567,37,0,0,0,0,1,1,2,2,1,2,3,15,2,2,0,2,1,50,220,430,700
